title,r_title,actorList,runtime,director,grade,genre,audience,popularity,release_date,vote,overview
어벤져스: 엔드게임,어벤져스: 엔드게임,"['로버트 다우니 주니어', '크리스 에반스', '크리스 헴스워스']",181,안소니 루소,12세 관람가,"['액션', 'SF']","12,508,895",322.179,2019-04-24,8.6,"인피니티 워 이후 절반만 살아남은 지구, 마지막 희망이 된 어벤져스! 먼저 떠난 그들을 위해 모든 것을 걸었다!"
캡틴 마블,캡틴 마블,"['브리 라슨', '사무엘 L. 잭슨', '벤 멘델슨']",123,애너 보든,12세 관람가,"['액션', '모험', 'SF']","5,799,592",247.608,2019-03-06,7.1,"1995년, 공군 파일럿 시절의 기억을 잃고 크리족 전사로 살아가던 캐럴 댄버스(브리 라슨)가 지구에 불시착한다. 쉴드 신참 요원 닉 퓨리(사무엘 L. 잭슨)에게 발견되어 팀을 이룬 그들은 지구로 향하는 더 큰 위협을 감지하고 힘을 합쳐 전쟁을 끝내야 하는데…"
샤잠!,샤잠!,"['제커리 레비', '애셔 앤젤']",132,데이비드 F. 샌드버그,12세 관람가,"['액션', '판타지', 'SF']","657,294",226.232,2019-03-23,7.2,"솔로몬의 지혜, 헤라클레스의 힘, 아틀라스의 체력, 제우스의 권능, 아킬레스의 용기, 머큐리의 스피드까지 우연히 슈퍼 파워를 얻게 된 소년. 자신의 능력을 깨닫고 악당을 물리치는 슈퍼히어로로 다시 태어난다! 주문을 외쳐라, ‘샤잠’!"
가면라이더 헤이세이 제네레이션즈 FOREVER,[],[],[],[],[],[],[],211.775,2018-12-22,5.1,
명탐정 피카츄,명탐정 피카츄,"['라이언 레이놀즈', '저스티스 스미스']",104,롭 레터맨,전체 관람가,"['액션', '모험', '코미디']","353,171",207.515,2019-05-03,7.2,"기억을 잃은 채 깨어난 피카츄, 난 누구? 여긴 어디? 유일한 단서는 탐정모자에 적힌 해리란 이름과 주소. 주소 속 아파트에서 자신의 말을 유일하게 알아 듣는, 실종된 해리의 아들 팀 굿맨을 만나게 된다. 명탐정의 촉으로 이건 그야말로 대.박.사.건! 사라진 아빠를 찾기 위해 피카츄와 떠나는 기상천외한 모험이 시작된다. 피카피카!"
헬보이,헬보이,"['데이빗 하버', '밀라 요보비치']",121,닐 마샬,청소년 관람불가,"['액션', '모험', '판타지']","323,095",202.512,2019-04-10,5.1,"'헬보이' 자신이 소속된 B.P.R.D의 임무로 영국의 한 비밀 단체의 괴수 사냥을 도우러 갔지만 되려 공격을 당하고, 곧 영국에서 어마어마한 일이 벌어지고 있다는 것을 알게 된다. 서기 566년, 아서왕에게 패하고 몸이 7조각으로 나뉘어 봉인된 '블러드 퀸'을 다시 부활시켜 인류를 파멸시키려는 초자연적 빌런들에 의해 영국은 물론 전 세계가 위험에 빠지게 된다. 헬보이는 이들에 맞서 인류를 위험으로부터 구해야만 하는데…"
애프터,애프터,[],8,마투스 발차르,[],['애니메이션'],[],186.949,2019-04-11,6.1,
도라에몽: 진구의 보물섬,극장판 도라에몽: 진구의 보물섬,"['윤아영', '김정아', '조현정']",108,이마이 카즈아키,전체 관람가,['애니메이션'],"183,220",159.591,2018-03-03,5.6,보물을 찾기로 결심한 진구는 도라에몽의 ‘보물찾기 지도’로 수수께끼 섬을 발견한다.  ‘노진구올라호’를 타고 보물섬으로 향하던 도라에몽과 친구들은 해적에게 습격 당하고 이슬이까지 납치되고 마는데…  우연히 바다에서 표류하던 소년 플록과 앵무새 퀴즈를 만나 보물섬의 비밀에 대해 알게 된다! 과연 캡틴도라와 친구들은 수수께끼 섬에 잠든 환상의 보물을 찾을 수 있을까?
콜드 체이싱,콜드 체이싱,"['리암 니슨', '톰 베이트먼']",118,한스 페터 몰란트,15세 관람가,['액션'],"101,694",157.12,2019-02-07,5.3,"평범한 제설차 운전수이자 올해의 모범시민 ‘넬스 콕스맨’. 법 없이도 살 수 있던 그는 마약 조직의 사이코패스 보스 ‘바이킹’이 꾸며낸 아들의 처참한 죽음 앞에서 분노의 심판자로 다시 태어난다. ‘스피도’, ‘림보’, ‘산타’ 등 마피아들을 연달아 처단하며 그들의 소굴에 한 걸음 가까워질수록 ‘넬스’의 분노는 죽음도 대신할 수 없는 깊은 복수심으로 소용돌이 치는데…"
어벤져스: 인피니티 워,어벤져스: 인피니티 워,"['로버트 다우니 주니어', '조슈 브롤린', '크리스 헴스워스']",149,안소니 루소,12세 관람가,"['액션', '모험', '판타지']","11,212,710",154.554,2018-04-25,8.3,"타노스(조시 브롤린)는 6개의 인피니티 스톤을 획득해 신으로 군림하려 한다. 그것은 곧 인류의 절반을 학살해 우주의 균형을 맞추겠다는 뜻. 타노스는 닥터 스트레인지(베네딕트 컴버배치)가 소유한 타임 스톤, 비전(폴 베타니)의 이마에 박혀 있는 마인드 스톤을 차지하기 위해 지구를 침략한다. 아이언맨(로버트 다우니 주니어)과 스파이더맨(톰 홀랜드)은 가디언즈 오브 갤럭시의 멤버들과 타노스를 상대한다. 지구에선 캡틴 아메리카(크리스 에반스), 완다(엘리자베스"
글래스,글래스,"['제임스 맥어보이', '브루스 윌리스', '사무엘 L. 잭슨']",129,M. 나이트 샤말란,15세 관람가,"['드라마', '미스터리', 'SF']","466,475",152.111,2019-01-16,6.5,틈틈이 도시의 수호자로 활약하며 지내던 데이빗은 납치범 케빈의 존재를 알게 된다. 두 사람은 서로의 비범한 능력을 알아보지만 대결을 마무리 짓기도 전에 엘리 스테이플 박사(사라 폴슨)에 의해 정신병원에 수감된다. 병원에는 두 사람 외에 미스터 글래스도 입원해 있다. 엘리 박사는 이들을 자신이 슈퍼히어로라 믿는 과대망상 환자로 치부한다. 그 와중에 글래스는 자신만의 계획을 실행에 옮긴다. 불행한 히어로 데이빗과 상처 깊은 안티 히어로 케빈의 대결을 부추기
장난스런 키스,장난스런 키스,"['왕대륙', '임윤']",122,프랭키 첸,12세 관람가,['멜로/로맨스'],"왕대륙, 임",127.21,2019-02-14,5.8,"A반 남신 ‘장즈수’와 처음 본 순간 KISS한 F반 ‘위안샹친’! 수학처럼 안 풀려도 절대 포기할 수 없는 확률 0% 멀고도 용감한 짝사랑 일대기.  장난 아니게 설레는 로코의 새로운 흥행 공식. 2019년 봄, 너 x 나 = 공식 ♡ 로코"
왓 맨 원트,왓 맨 원트,"['웬디 맥렌던 커비', '타라지 P. 헨슨', '맥스 그린필드']",117,아담 쉥크만,R,"['코미디', '판타지', '멜로/로맨스']",[],122.654,2019-02-08,5.8,
공포의 묘지,공포의 묘지,"['제이슨 클락', '존 리스고', '에이미 세이메츠']",101,케빈 콜쉬,15세 관람가,"['스릴러', '공포']","102,491",114.533,2019-04-04,6,"갑작스런 사고로 딸 엘리를 잃은 크리드(제이슨 클락)는 죽은 것이 살아 돌아온다는 애완동물 공동묘지에 딸을 묻게 되고, 어딘가 다른 모습으로 돌아온 엘리는 무시무시한 공포의 대상이 되어 가족들의 숨통을 조여오는데…"
드래곤 길들이기 3,드래곤 길들이기 3,"['제이 바루첼', '아메리카 페레라', '케이트 블란쳇']",104,딘 데블로이스,전체 관람가,"['애니메이션', '모험']","1,506,942",113.846,2019-01-03,7.6,바이킹 족장으로 거듭난 히컵과 그의 영원한 친구 투슬리스가 누구도 찾지 못했던 드래곤의 파라다이스 히든월드를 찾아 떠나는 마지막 모험을 담은 스펙터클 액션 어드벤처
Little,[],[],[],[],[],[],[],111.138,2019-04-04,6.2,
블랙 팬서,블랙 팬서,['채드윅 보스만'],135,라이언 쿠글러,12세 관람가,"['액션', '드라마', 'SF']","5,399,327",107.827,2018-02-13,7.4,"유엔 폭탄 테러로 아버지를 잃은 와칸다의 왕자 티찰라는 시빌 워 이후 고국 와칸다로 돌아가 왕좌에 오른다. 와칸다의 새로운 지도자 블랙팬서가 된 그는 옛 연인이자 와칸다의 스파이 나키아, 호위 무사 오코예와 함께 최강 희귀 금속 비브라늄 폭탄 거래가 이뤄지는 부산을 찾는다. 폭탄 거래의 배후에 있는 인물은 와칸다와 묘종의 연이 있는 정체불명의 남자, 에릭 킬몽거. 그는 놀라운 위력으로 티찰라를 제압하고 와칸다의 새로운 왕이 되려 하고, 이에 블랙 팬서는"
파이팅 위드 마이 패밀리,파이팅 위드 마이 패밀리,"['드웨인 존슨', '레나 헤디', '스테판 머천트']",[],스테판 머천트,PG-13,"['코미디', '드라마']",[],100.908,2019-02-14,6.5,
어벤져스,어벤져스: 엔드게임,"['로버트 다우니 주니어', '크리스 에반스', '크리스 헴스워스']",181,안소니 루소,12세 관람가,"['액션', 'SF']","12,508,895",95.471,2012-04-25,7.6,"에너지원 큐브를 이용한 적의 등장으로 인류가 위험에 처하자 국제평화유지기구인 쉴드의 국장 닉 퓨리(사무엘 L. 잭슨)는 어벤져스 작전을 위해 전 세계에 흩어져 있던 슈퍼히어로들을 찾아나선다. 아이언맨(로버트 다우니 주니어)부터 토르(크리스 헴스워스), 헐크(마크 러팔로), 캡틴 아메리카(크리스 에반스)는 물론, 쉴드의 요원인 블랙 위도우(스칼렛 요한슨), 호크 아이(제레미 레너)까지, 최고의 슈퍼히어로들이 어벤져스의 멤버로 모이게 되지만, 각기 개성이 "
카,카3: 새로운 도전,"['오웬 윌슨', '크리스텔라 알론조', '아미 해머']",109,브라이언 피,전체 관람가,"['애니메이션', '모험', '코미디']","487,916",94.664,2006-06-08,6.7,"화려한 성공과 갈채를 꿈꾸는 주인공 라이트닝 맥퀸(오웬 윌슨)은 경주에서 성공하는 것만이 인생의 모든 것이라 생각하는 타오르는 청춘. 하지만 피스톤 컵 챔피온쉽에 참가하기 위해 달리던 중 경쟁과 함성과는 동떨어진 래디에이터 스프링스란 한적한 시골로 들어서게 된다. 이제는 지도에 조차 표시되지 않는 한적한 66번 국도. 조용하지만 다양한 캐릭터들이 큰 열정을 간직하고 있는 이곳에서 맥퀸은 미스터리한 과거를 지닌 닥 허드슨(폴 뉴먼)과 샐리(보니 헌트), "
명탐정 코난: 감청의 주먹,[],[],[],[],[],[],[],87.641,2019-04-12,6.5,"19세기 말에 해적선과 함께 싱가폴 앞 바다에 침몰되었다 알려진 세계 최대의 블루 사파이어인 ""감청의 주먹""은 현지의 부자가 회수에 투자, 무대에 그 모습을 드러냈다. 그 때, 마리나 베이 샌즈에서 살인 사건이 발생. 현장에는 괴도 키드의 「피로 물든 예고장」이 남아 있었다. 한 편, 싱가포르에서 개최되는 가라데 토너먼트를 관전하기 위해 란과 소노코는 현지를 방문했다. 여권을 가지고 있지 않기 때문에 해외로 갈 수 없는 코난은 집을 볼 예정이었지만 그를"
덤보,덤보,"['콜린 파렐', '마이클 키튼', '대니 드비토']",111,팀 버튼,전체 관람가,"['가족', '판타지']","345,522",85.508,2019-03-27,6.6,"몸보다 훨씬 큰 귀를 가지고 태어나, 뒤뚱거리는 모습으로 서커스단의 웃음거리가 된 ‘덤보’. 어느 날 왕년의 서커스 스타 ‘홀트(콜린 파렐)’와 그의 아이들, 밀리와 조가 ’덤보’가 하늘을 날 수 있다는 것을 알게 되고, 유능한 사업가 ‘반데비어(마이클 키튼)’가 ‘덤보’를 스타로 만들기 위해 접근한다. 매력적인 공중 곡예사 ‘콜레트(에바 그린)’와 함께 하늘을 날게 된 ‘덤보’는 그의 친구들과 함께 환상적인 쇼를 둘러싼 어둠의 비밀을 발견하게 되는데…"
로건,로건,['휴 잭맨'],137,제임스 맨골드,청소년 관람불가,"['액션', 'SF']","2,169,109",84.552,2017-02-28,7.8,"2029년 알 수 없는 이유로 돌연변이들이 태어나지 않는 미래, 더이상 엑스맨은 없다. 갈수록 재생력이 약해져 늙고 수척해진 로건(휴 잭맨)은 멕시코 국경지대 은신처에 찰스 교수(패트릭 스튜어트)를 보호 중이다. 뇌에 심각한 손상을 입은 찰스 교수는 과거를 제대로 기억하지 못하는 데다 간헐적으로 주변을 위협하는 발작까지 일으킨다. 찰스 교수와 함께 떠날 배를 사기 위해 리무진 기사로 일하며 돈을 모으는 로건. 어느 날 낯선 여인이 찾아와 돌연변이 소녀 "
가디언즈 오브 갤럭시 Vol. 2,가디언즈 오브 갤럭시 VOL. 2,"['크리스 프랫', '조 샐다나', '데이브 바티스타']",136,제임스 건,12세 관람가,"['액션', 'SF']","2,736,060",83.75,2017-04-19,7.7,타노스에 맞서 은하계를 구하고 최고의 해결사로 등극한 스타로드 일행. 하지만 소버린 행성의 여사제 아이샤(엘리자베스 데비키)를 돕던 중 옛버릇을 고치지 못하고 행성의 배터리를 훔쳤다가 소버린 종족에 쫓기는 신세가 된다. 그 과정에서 피터의 아버지 에고(커트 러셀)가 그들을 돕는다. 아픈 엄마와 어린 자신을 버리고 떠난 아버지에 대한 원망이 컸던 피터는 에고의 행성에서 아버지의 능력을 확인하곤 그 힘에 이끌린다. 하지만 가모라는 에고의 행성에서 이상한 기
프로디지,프로디지,"['테일러 쉴링', '잭슨 로버트 스콧']",92,니콜라스 맥카시,15세 관람가,"['공포', '스릴러']","4,734",80.997,2019-02-06,5.9,"아기때부터 천재적인 지능을 보이며 엄마 ‘새라’를 흡족하게 하던 완벽한 소년 ‘마일스’.  영재교육을 받는 8살이 된 ‘마일스’는 점점 폭력적이고 손에 집착하는 이상 행동을 하며 무서운 소년으로 변해간다. 혹시 살인본능? 아니면 사이코패스? ‘마일스’의 증상을 걱정하던 ‘새라’는 한 의사를 통해 퇴행 최면을 받게 하고, 아들이 과거 끔찍한 일을 저지른 사람에게 빙의 됐다는 사실을 알게 된다."
가디언즈 오브 갤럭시,가디언즈 오브 갤럭시 VOL. 2,"['크리스 프랫', '조 샐다나', '데이브 바티스타']",136,제임스 건,12세 관람가,"['액션', 'SF']","2,736,060",78.022,2014-07-30,7.9,"자칭 전설의 무법자 스타로드, 그러나 현실은 우주를 떠도는 그저그런 좀도둑에 불과한 피터 퀼(크리스 프랫)은 무엇인지도 모른 채 오브를 훔쳤다가 생고생의 길로 접어든다. 값나가는 유물인 줄 알았던 오브가 실은 어마어마한 힘을 지닌 인피니티 스톤이었던 것. 뜻하지 않게 갤럭시의 절대악 타노스와 로난의 타겟이 된 그는 감옥에서 만난 암살자 가모라(조 샐다나), 거구의 파이터 드랙스(데이브 바티스타), 현상금 사냥꾼 로켓(브래들리 쿠퍼)과 그루트(빈 디젤) "
하이웨이맨,하이웨이맨,['트라이그브 로드'],[],트라이그브 로드,[],"['액션', '모험']",[],77.495,2019-03-15,6.7,"미국 최악의 범죄자 커플 보니와 클라이드를 잡기 위해, FBI와 최신 과학수사 기법을 총동원하는 텍사스 주정부. 하지만 실패만 거듭하면서 전직 레인저 두 명(케빈 코스트너와 우디 해럴슨)이 소환된다. 젊은 경찰들의 조롱에도 불구하고, 오로지 본능과 경험에 의존하는 두 사람. 그들의 숨겨진 실화가 공개된다."
아쿠아맨,아쿠아맨,"['제이슨 모모아', '앰버 허드', '니콜 키드먼']",143,제임스 완,12세 관람가,"['액션', '모험', 'SF']","5,038,143",76.997,2018-12-07,6.8,"정략결혼을 피해 해저 왕국 아틀란티스에서 도망쳐 육지로 오게 된 아틀라나(니콜 키드먼)는 등대지기 톰(테무에라 모리슨)과 사랑에 빠진다. 아틀란티스의 세력으로부터 남편과 아들 아서(제이슨 모모아)을 지키기 위해서 아틀라나는 바다로 돌아가고, 육지에 남은 아서는 어릴 때부터 자신의 초능력을 인지해 인간세계의 해적을 물리치는 등 나름의 활약을 펼친다. 한편 아서의 이부형제 옴(패트릭 윌슨)은 육지를 정복하기 위한 작전을 세운다. 옴의 약혼자이자 네레우스 왕"
나는 악마를 사랑했다,나는 악마를 사랑했다,"['잭 에프론', '카야 스코델라리오', '할리 조엘 오스먼트']",108,조 벌링거,[],"['범죄', '스릴러']",[],76.921,2019-05-02,7.1,잔인한 연쇄살인범 테드 번디를 새로운 시선으로 바라본다. 수년간 번디가 무고하다 믿었던 그의 오랜 연인 리즈. 그녀의 눈에 비친 번디는 어떤 남자였을까.
톨킨,톨킨,"['릴리 콜린스', '니콜라스 홀트', '제네비에브 오렐리']",[],도메 카루코스키,[],['드라마'],[],76.725,2019-05-03,4.9,고아인 한 작가의 우정과 사랑 및 예술적인 영감을 그린 영화로 학교에서 소외된 학생들로 구성된 그룹의 일원으로 지내다가 1차 세계대전에 참전하면서 이들과의 우정에 위기가 다가오며 이런 일련의 일들을 토대로 그 유명한 중간계 소설들을 쓰게되는 영감이 된다.
토르: 라그나로크,토르: 라그나로크,"['크리스 헴스워스', '마크 러팔로', '톰 히들스턴']",130,타이카 와이티티,12세 관람가,"['액션', '모험', '판타지']","4,858,572",76.512,2017-10-25,7.5,"은하계를 탐험하던 토르는 오딘의 오랜 숙적 수르트와의 대결에서 승리하는데, 수르트는 라그나로크가 이미 시작됐고, 막을 수 없을 것이라는 의미심장한 말을 남긴다. 한편 오딘의 힘이 약해지며 그가 봉인했던 죽음의 여신 헬라가 나타난다. 오딘의 첫째딸인 그녀는 두 동생, 토르와 로키를 가볍게 제압하고 아스가르드를 정복한다. 헬라와의 전쟁에서 묠니르를 잃고 사카아르라는 미지의 행성에 불시착한 토르는 아스가르드 행성으로 돌아가기 위해 고군분투한다. 행성의 통치자"
스파이더맨: 뉴 유니버스,스파이더맨: 뉴 유니버스,"['샤메익 무어', '헤일리 스테인펠드', '니콜라스 케이지']",117,밥 퍼시케티,12세 관람가,"['애니메이션', '액션', '가족']","723,450",76.067,2018-12-07,8.4,"평범한 10대 마일스 모랄레스는 우연히 방사능 거미에 물려 스파이더맨 능력을 가지게 된다. 혼란스러워하던 마일스는 악당과 싸우고 있는 피터 파커를 마주치게 되고 피터 파커는 마일스가 자신과 같은 능력을 가지고 있음을 직감한다. 여러 개의 평행세계가 존재한다는 것을 알게 된 마일스와 피터 파커는 이후 스파이더우먼 스파이더 그웬, 스파이더맨 누아르, 스파이더햄 등 평행세계 속 공존하는 모든 스파이더맨들을 만나게 되는데... 하나의 유니버스에서 만나 팀을 결"
유랑지구,유랑지구,"['굴초소', '오경', '조금맥']",125,곽범,12세 관람가,['SF'],"17,525",74.854,2019-02-05,6.3,"?가까운 미래, 태양계 소멸 위기를 맞은 지구는 영하 70도의 이상 기후와 함께 목성과의 충돌이라는 대재앙에 직면한다. 그러자, 전 세계 연합정부는 지구 자체를 태양계 밖으로 이동시키기 위한 범우주적 인류이민계획을 세우는데…"
범블비,범블비,"['헤일리 스테인펠드', '존 시나']",114,트래비스 나이트,12세 관람가,"['액션', '모험', 'SF']","1,561,643",72.231,2018-12-15,6.4,"지속된 디셉티콘과의 전쟁에서 위기에 몰린 옵티머스 프라임은 중요한 임무를 가진 오토봇을 지구로 보낸다.  지구에 도착한 오토봇은 인간들에게 쫓기게 되고, 낡은 비틀로 변신해 폐차장에 은둔하던 중,  찰리라는 소녀에 의해 발견된다.  비틀을 수리하던 찰리는 자신의 낡은 자동차가 거대한 로봇으로 변신하는 놀라운 광경을 목격하고,  모든 기억이 사라진 그에게 ‘범블비’라는 이름을 지어주며 서로에게 특별한 존재가 되어간다.  하지만, 범블비의 정체를 파헤치려는"
알리타: 배틀 엔젤,알리타: 배틀 엔젤,"['로사 살라자르', '크리스토프 왈츠', '키언 존슨']",122,로버트 로드리게즈,12세 관람가,"['액션', '모험', '멜로/로맨스']","1,951,889",71.287,2019-01-31,6.6,모두가 갈망하는 공중도시와 그들을 위해 존재하는 고철도시로 나누어진 26세기. 고철 더미 속 모든 기억을 잃은 채 깨어난 알리타는 마음 따뜻한 의사 이도의 보살핌으로 새로운 삶을 시작한다. 이도는 사이보그인 알리타에게 특별한 과거의 비밀과 영혼이 존재한다는 사실을 깨닫고 미스터리한 과거로부터 그녀를 지키고자 한다. 한편 새로운 친구 휴고는 알리타가 위험한 고철도시를 헤쳐나갈 수 있는 방법과 함께 기억을 되찾도록 돕는다. 알리타가 자신의 과거에 다가 갈수
요로나의 저주,요로나의 저주,['린다 카델리니'],93,마이클 차베즈,15세 관람가,"['공포', '미스터리', '스릴러']","200,727",70.137,2019-04-17,5.5,"1973년, 애나는 남편 없이 두 아이와 살고 있다. 사회복지사인 애나가 담당하던 한 여인의 아이들이 불의의 사고로 목숨을 잃자, 그녀는 이것이 ‘요로나’의 짓이라면서 애나에게도 똑같은 저주가 내릴 것이라 예언한다. 어느 날부터인가 울음소리를 들려오고 의문의 존재가 아이들을 위협하는데..."
퍼스트 어벤져,퍼스트 어벤져,"['크리스 에반스', '토미 리 존스', '휴고 위빙']",123,조 존스톤,12세 관람가,"['액션', '모험']","514,579",69.509,2011-07-22,6.9,"진주만 공습을 겪은 미국은 선전포고를 하고 제2차 세계대전에 발을 들인다. 스티브 로저스(크리스 에반스)는 왜소하고 마른 체격으로 인해 입대마저 번번히 거부당하지만, 포기를 모르는 근성과 강한 희생 정신을 인정받아 최고의 전사를 양성하는 슈퍼 솔져 프로젝트에 스카우트된다. 비밀리에 진행된 실험을 통해 가장 완벽한 육체와 인간의 한계를 초월한 신체 능력을 얻게 된 스티브는 모두에게 캡틴으로 불리며 영웅으로 새롭게 태어난다. 하지만 거대한 히드라 조직을 앞"
앤트맨과 와스프,앤트맨과 와스프,"['폴 러드', '에반젤린 릴리', '마이클 더글라스']",118,페이튼 리드,12세 관람가,"['액션', '모험', 'SF']","5,448,134",68.539,2018-07-04,7,"캡틴 아메리카의 요청으로 독일까지 가서 아이언맨 일행과 싸우고 돌아온 스콧(폴 러드)은 어느 날 이상한 꿈을 꾼다. 그가 행크 핌 박사(마이클 더글러스)와 호프(에반젤린 릴리)에게 꿈 이야기를 들려주자, 호프는 미지의 양자 영역에 갇혀버린 엄마 재닛(미셸 파이퍼)의 메시지라는 것을 확신하게 된다. 행크 핌 박사는 자신의 비밀 연구소에서 그동안 개발해왔던 양자 터널과 탐색기를 이용해 1대 와스프 재닛의 구출작전을 펼치려 하지만, 시공간의 개념이 사라진 양"
미스 발라,미스 발라,"['지나 로드리게즈', '안소니 마키', '토마스 데커']",104,캐서린 하드윅,PG-13,"['액션', '드라마', '스릴러']",[],68.235,2019-02-01,6.4,"글로리아 푸엔테스(지나 로드리게스 분)는 로스앤젤레스 출신의 라틴 아메리카 메이크업 아티스트로, 가장 친한 친구 스즈(Suzu)를 만나러 멕시코 티후아나를 방문한다.  그들은 만남을 즐기기 위해 현지 나이트클럽에 함께 갔다가 멕시코 갱단과의 범죄에 연루된다."
페이트/스테이 나이트 [헤븐즈 필] 제2장 로스트 버터플라이,[],[],[],[],[],[],[],67.564,2019-01-12,4.7,"10년 만에 후유키시에서 시작된 [성배전쟁]은 이 전쟁의 3대 가문인 마토 가문의 당주 마토 조켄의 참전으로 인하여 일그러지고, 뒤틀리고, 어긋나 버렸다. 마스터로서 싸움에 가담한 에미야 시로도 부상을 입고 서번트인 세이버마저 잃어버렸지만, 그는 마토 사쿠라를 지키기 위해 싸움에서 물러나지 않는다. 하지만 그녀 또한 마술사의 숙명에 사로잡히는데..."
이스케이프 룸,이스케이프 룸,"['크리스틴 돈런', '랜디 웨인', '스키트 울리치']",87,피터 듀크스,15세 관람가,['공포'],[],65.553,2019-01-03,6.3,"거액의 상금이 걸린 방탈출 게임에 초대된 6명의 사람들. 성별, 연령, 출신도 모두 다른 이들은 오직 초대장만을 가지고 세계 최고의 방탈출 게임 회사 ‘미노스’에 모인다. 하지만 초대자는 나타나지 않고, 예고도 없이 시작되는 게임. 불태워 죽일 듯이 순식간에 방안의 온도가 상승하고 6명의 참가자는 탈출하기 위해 단서를 찾기 시작한다. 죽음의 공포 속에서 아슬아슬하게 다음 방으로 넘어간 참가자들은 오븐 룸, 아이스 룸, 업사이드다운 룸, 포이즌 룸, 일루"
레고 무비 2,레고 무비2,"['크리스 프랫', '엘리자베스 뱅크스', '윌 아넷']",107,마이크 미첼,전체 관람가,"['애니메이션', '액션', '모험']","88,392",65.192,2019-01-26,6.6,"시스타 행성의 지멋대로 여왕의 지시로 듀플로 외계인들이 레고 마을을 침공한다. 어마무시 장군이 친구들을 납치하자 에밋은 우주로의 여행을 떠나는데… 에밋과 친구들의 대모험, 이번엔 우주다! 준비됐나요?"
신비한 동물들과 그린델왈드의 범죄,신비한 동물들과 그린델왈드의 범죄,"['에디 레드메인', '조니 뎁', '캐서린 워터스턴']",134,데이빗 예이츠,12세 관람가,"['모험', '가족', '판타지']","2,414,195",64.294,2018-11-14,6.9,"마법 세계와 비마법 세계의 공존을 깨려고 했던 그린델왈드는 뉴트 스캐맨더(에디 레드메인)와 미국 마법부 의회에 의해 붙잡혔지만, 유럽으로 이송하는 과정에서 탈출하고 만다. 그린델왈드의 탈출 목적은 프랑스 파리에 머무는 것으로 추정되는 크레덴스(에즈라 밀러)를 포섭해 자신의 수하로 삼는 것. 영국으로 돌아왔던 뉴트는 덤블도어 교수(주드 로)로부터 자신은 나설 수 없으니 그린델왈드에 맞서달라는 지령을 받고 역시 파리로 향한다. 뉴트의 친구들, 제이콥(댄 포"
아이언맨,아이언맨,"['로버트 다우니 주니어', '테렌스 하워드', '제프 브리지스']",125,존 파브로,12세 관람가,"['SF', '액션', '드라마']","4,300,365",63.19,2008-04-30,7.5,"천재적인 두뇌와 재능으로 세계 최강의 무기업체를 이끄는 CEO이자, 타고난 매력으로 셀러브리티 못지않은 화려한 삶을 살아가던 억만장자 토니 스타크. 아프가니스탄에서 자신이 개발한 신무기 발표를 성공리에 마치고 돌아가던 그는 게릴라군의 갑작스런 공격에 의해 가슴에 치명적인 부상을 입고 게릴라군에게 납치된다. 가까스로 목숨을 건진 그에게 게릴라군은 자신들을 위한 강력한 무기를 개발하라며 그를 위협한다. 그러나 그는 게릴라군을 위한 무기 대신, 탈출을 위한 "
호빗: 다섯 군대 전투,호빗: 다섯 군대 전투,"['마틴 프리먼', '이안 맥켈런', '리처드 아미티지']",144,피터 잭슨,12세 관람가,"['판타지', '모험']","2,836,777",62.839,2014-12-10,7.3,"빌보 배긴스와 참나무 방패 소린, 난쟁이 족이 떠난 거대한 여정의 끝에 난쟁이 족은 원래 자신들의 터전이던 에레보르에 있는 엄청난 보물을 되찾지만 이는 무시무시한 용 스마우그가 호수마을의 무기력한 주민들을 공격하게 되는 결과를 낳는다. 소린은 탐욕에 서서히 눈이 멀어 우정과 명예를 저버린 채 왕의 보물 아르켄스톤을 찾는다. 암흑의 군주 사우론은 오크 군대를 보내 외로운 산에 기습 공격을 감행한다. 마침내 다섯 군대의 전투가 시작되고 빌보는 본인과 친구들"
어스,어스,"['루피타 뇽', '윈스턴 듀크', '엘리자베스 모스']",116,조던 필,15세 관람가,"['스릴러', '공포']","1,474,908",62.397,2019-03-14,7.2,"애들레이드와 게이브 윌슨(루피타 뇽오와 윈스턴 듀크)은 아이들을 데리고 캘리포니아 북부에 있는 아들레이드의 오래된 해변가로 여름 휴가를 떠난다. 다음날 합류 한 타일러 가족(엘리자베스 모스와 팀 하이데커)과 함께 해변에서 하루를 보내지만, 애들레이드는 과거에 겪은 트라우마 증상이 심해지며 나쁜 일이 일어날 것이라는 공포에 시달린다. 밤이 되고 윌슨은 차도에 조용히 서있는 네명의 손을 맞잡은 뭔가를 보게 되는데..."
아이언 스카이 2,아이언 스카이2: 더 커밍 레이스,"['줄리아 디에체', '톰 그린', '우도 키에르']",93,티모 부오렌솔라,15세 관람가,"['액션', '코미디', 'SF']",[],61.464,2019-01-25,4.8,
인스턴트 패밀리,인스턴트 패밀리,"['마크 월버그', '로즈 번', '옥타비아 스펜서']",118,숀 앤더스,12세 관람가,"['코미디', '드라마', '가족']",[],61.212,2018-11-16,7.5,"피트와 엘리 부부는 직접 자신들의 아이를 낳는 대신 입양을하기로 하지만, 그들의 계획과는 달리 대부분의 가정에서 입양하기를 꺼리는 십 대 아이 세 명을 입양하게 되는 상황에 놓인다.  서로가 서로의 새로운 가족이 되는 과정 속에서 그들은 갈등을 겪게 되지만 점차 진정한 가족의 의미를 깨닫게 되는데…"
레드콘 1,레드콘-1,"['오리스 이휴에로', '카를로스 가야르도', '마크 스트레인지']",115,치 키옹 청,[],"['액션', '공포', '스릴러']",[],60.89,2018-09-28,4.2,좀비 바이러스가 런던의 한 교도소로부터 퍼진 이후 살아남은 사람들은 남쪽 장벽 안에 피신 중이다. 점점 좀비들의 전투 능력이 향상되는 가운데 장벽이 무너지는 것은 시간 문제일 뿐. 이 와중에 좀비 사태를 해결할 과학자가 런던에 생존하고 있다는 것을 알게 되고 이 사람을 구하기 위해 8명의 특공대가 파견된다. 주어진 시간은 72시간... 이들의 임무는 성공할 수 있을 것인가?
존 윅,존 윅 3: 파라벨룸,['키아누 리브스'],[],채드 스타헬스키,[],"['액션', '범죄', '스릴러']",[],60.702,2014-10-22,7.2,"전설이라 불리던 킬러 ‘존 윅’(키아누 리브스)은 사랑하는 여인을 만나 결혼을 하면서 범죄의 세계에서 은퇴한다. 행복도 잠시, 투병 끝에 부인이 세상을 떠나고 그의 앞으로 부인이 죽기 전에 보낸 강아지 한 마리가 선물로 배달된다.  그러던 어느 날, 그의 집에 괴한들이 들이닥치는데…  더 이상 잃을 것이 없다. 오직 너희만 죽인다! 건드리지 말아야 할 그의 분노를 잘못 깨웠다.  받은 것보다 더 돌려주는 통쾌한 복수, ‘존 윅’의 거침없는 복수가 마침내"
토르: 천둥의 신,토르: 천둥의 신,"['크리스 헴스워스', '나탈리 포트만', '톰 히들스턴']",112,케네스 브래너,12세 관람가,"['판타지', '액션', '모험']","1,694,769",60.566,2011-04-21,6.7,"파괴를 일삼는 요툰하임을 제압한 왕 오딘의 통치로 평화로운 나날을 보내고 있는 신의 세계 아스가르드. 오딘의 아들인 토르의 왕위 계승식이 있던 날, 요툰하임의 지배자인 라우페이는 평화 협정을 위반하고 아스가르드를 침입한다. 이 사건으로 왕위에 오르지 못한 토르는 분노와 모욕감에 요툰하임을 공격하지만 막강한 군대에 포위되어 위기에 몰리게 되고, 오딘은 토르의 오만하고 경솔한 행동에 분노해 토르의 신으로서의 능력을 박탈한 채 인간 세계 미스가르드로 추방한다"
엣지 오브 투모로우,엣지 오브 투모로우,"['톰 크루즈', '에밀리 블런트', '빌 팩스톤']",113,더그 라이만,12세 관람가,"['액션', 'SF']","4,697,209",58.37,2014-05-27,7.6,"가까운 미래, 미믹이라 불리는 외계 종족의 침략으로 인류는 멸망 위기를 맞는다. 전투를 치른 경험이 한번도 없는 군 공보관 소속 빌 케이지(톰 크루즈) 소령은 전쟁터에 가서 군 홍보 영상을 찍어오라는 4성 장군의 명령을 거절한다. 그 죄로 자살 특공대에 투입된다. 하지만 불가능한 일이 일어난다. 그가 다시 그 끔찍한 날이 시작된 시간에 다시 깨어나 다시 전투에 참여하게 되고 다시 죽었다가 또 다시 살아나는 것. 다시 작전에 참여해 죽었다가 눈을 뜨기를 "
분노의 질주: 더 익스트림,분노의 질주: 더 익스트림,"['빈 디젤', '드웨인 존슨', '샤를리즈 테론']",136,F. 게리 그레이,15세 관람가,"['액션', '범죄', '스릴러']","3,653,238",58.162,2017-04-12,6.9,마침내 평화로운 일상으로 돌아온 리더 도미닉(빈 디젤)과 멤버들. 하지만 레티(미셸 로드리게스)와 쿠바에서 신혼을 만끽 중인 도미닉(빈 디젤)에게 불청객이 찾아온다. 전설적인 해커이자 테러 조직의 리더 사이퍼(샤를리즈 테론)는 도미닉을 협박해 자신의 명령을 따르게 한다. 멤버들은 도미닉이 사이퍼와 함께  사상 최악의 테러를 계획하고 있음을 알게 된다.  리더의 배신으로 위기에 놓인 멤버들은 한때 팀을 모두 전멸시키려 했던 데카드 쇼(제이슨 스타뎀)까지 
존 윅 3: 파라벨룸,존 윅 3: 파라벨룸,['키아누 리브스'],[],채드 스타헬스키,[],"['액션', '범죄', '스릴러']",[],57.856,2019-05-15,7.8,"업계 레전드 킬러 ‘존 윅’은 국제암살자연합을 통해 파문조치를 당한 후 그에게 따라 붙은 역대 최고의 현상금 1,400만 불로 인해 전 세계의 가장 위협적인 킬러들이 그와의 전쟁을 선포한다."
토르: 다크 월드,토르: 다크 월드,"['크리스 헴스워스', '나탈리 포트만', '톰 히들스턴']",112,앨런 테일러,12세 관람가,"['액션', '모험', '판타지']","3,040,115",57.661,2013-10-29,6.7,"어벤져스의 뉴욕 사건 후, 다시 신들의 고향인 아스가르드 왕국으로 돌아간 토르(크리스 헴스워스)와 로키(톰 히들스턴). 지구를 위협한 로키는 지하 감옥에 갇히고, 토르는 아버지 오딘(안소니 홉킨스)과 함께 우주의 질서를 재정립하기 위해 나선다. 1년 후, 지구에 혼자 남은 제인(나탈리 포트만)은 우연히 태초부터 존재해왔던 어둠의 종족 다크 엘프의 무기 에테르를 얻게 된다. 이 사실을 안 다크엘프의 리더 말레키스는 에테르를 되찾기 위해 제인과 아스가르드를"
후드,후드,"['태런 에저튼', '제이미 폭스', '벤 멘델슨']",116,오토 바서스트,12세 관람가,['모험'],"284,593",57.217,2018-11-20,5.7,돈과 권력을 앞세운 권력층으로 인해 모두가 힘들어진 시기.  전쟁에서 죽은 줄 알았던 귀족 가문의 스무살 청년 ‘로빈’이 나타난 뒤 부자들의 돈만 훔친다는 후드를 쓴 남자에 대한 소문이 들려온다. 정체를 알 수 없는 그에게 막대한 현상금이 걸리지만 번번이 잡는데 실패하고 신출귀몰한 후드의 활약에 사람들도 점차 동요하기 시작하는데…
허슬,허슬,"['버트 레이놀즈', '까뜨린느 드뇌브']",120,로버트 알드리치,R,"['범죄', '드라마', '미스터리']",[],57.125,2019-05-09,6.5,
마일 22,마일 22,"['마크 월버그', '로렌 코핸', '이코 우웨이스']",95,피터 버그,15세 관람가,"['액션', '모험', '스릴러']","69,837",56.586,2018-08-16,6,"군사, 외교의 사각지대에서 임무를 수행하는 실패율 제로의 비밀조직 ‘오버워치’. 그들에게 전 세계 6개 주요 도시의 테러를 막을 수 있는 유일한 정보를 지닌 ‘타겟’이 접근한다. 22마일 떨어진 안전한 장소로 ‘타겟’을 이동시키는 새로운 작전이 시작되고, 타겟을 노리는 적들의 거센 공격이 가해지자 오버워치 팀원들은 작전 성공을 위해 자신들의 목숨을 바꿔가며 1마일씩 이송작전을 수행한다. 적을 뚫고 목적지에 가까워질수록 궁지에 몰리게 된 오버워치 앞에 타"
하이 라이프,하이 라이프,"['로버트 패틴슨', '미아 고스', '줄리엣 비노쉬']",110,클레어 드니,R,"['모험', '드라마', 'SF']",[],55.616,2018-11-07,5.8,"고립된 이 우주선에서는 모든 것이 인공적이며 인간의 욕망 또한 통제된다. 과거의 상처로 인해 아이에게 집착하는 의사는, 탑승객이자 지구에서 버려진 죄수들을 대상으로 인공 수정을 시도하고, 아이가 태어난다. 유일한 생존자로 남은 몬테는 어린 딸을 돌보며 버티어 낸다. 블랙홀의 회전 에너지를 확인하여 인류에 크게 기여하려던 임무는 완수하지 못했다. 소녀로 성장한 딸과 몬테는 더 이상 구조의 희망을 기다릴 수 없다. 두 사람은 블랙홀로의 여정을 시작한다."
주먹왕 랄프 2: 인터넷 속으로,주먹왕 랄프 2: 인터넷 속으로,"['존 C. 라일리', '사라 실버맨', '제인 린치']",112,필 존스턴,전체 관람가,"['애니메이션', '모험', '코미디']","1,758,891",55.264,2018-11-20,7.2,각종 사고를 치며 게임 속 세상을 뒤집어 놨던 절친 주먹왕 ‘랄프’와 ‘바넬로피’는  버려질 위기에 처한 오락기 부품을 구하기 위해 와이파이를 타고 인터넷 세상에 접속한다. 얼떨결에 올린 동영상으로 순식간에 핵인싸에 등극한 ‘랄프’와 툴도 트랙도 없는 스릴만점 슬로터 레이스 게임에 참여하게 된 ‘바넬로피’ 지금껏 경험한 적 없는 엄청난 스케일과 새로운 재미에 흠뻑 빠진  ‘랄프’와 ‘바넬로피’는 랜섬웨어급 사고로 인터넷 세상을 혼란에 빠뜨리는데…  과연
해피 데스데이 2 유,해피 데스데이 2 유,"['제시카 로테', '이스라엘 브로우사드', '피 부']",100,크리스토퍼 랜던,15세 관람가,"['공포', '코미디']","412,850",54.416,2019-02-13,6.1,절대 끝나지 않는 생일에 또다시 갇혀버린 트리와 더 강력하게 돌아온 베이비의 끝내주는 호러테이닝 무비
라스트 미션,라스트 미션,"['클린트 이스트우드', '타이사 파미가', '브래들리 쿠퍼']",116,클린트 이스트우드,15세 관람가,['드라마'],"101,465",53.84,2018-12-14,6.5,"원예가로 스타 대접을 받는 얼(클린트 이스트우드)은 딸의 결혼식 대신 새로운 백합 품종을 소개하는 파티에 참석할 정도로 일을 우선시한 이기적인 남자다. 12년 후, 영광은 시대에 밀려 사라지고 농장은 경영난으로 문을 닫지만 얼 곁엔 아무도 남아 있지 않다. 가족 곁으로 돌아가고 싶지만 용기가 없던 찰나 멕시코 갱단의 마약 운반책 제안을 받은 얼은 그렇게 번 돈을 가족을 위해 쓰며 지난날의 과오를 바로잡으려 한다. 한편 마약 조직에 새로 나타난 정체불명의"
샌 안드레아스,샌 안드레아스,"['드웨인 존슨', '알렉산드라 다드다리오', '칼라 구기노']",114,브래드 페이튼,12세 관람가,"['액션', '드라마', '스릴러']","1,716,455",53.175,2015-05-27,6.1,"샌 안드레아스 단층이 마침내 끊어져 규모 9의 강진이 발생하자 구조헬기 조종사 드웨인 존슨은 사이가 멀어진 아내와 함께 외동딸을 구하기 위해 최악의 상황 속으로 뛰어든다. 세상이 무너지는 마지막 순간, 당신은 어디에서 누구와 함께 할 것인가!"
더 보이,더 보이,"['잭슨 A.던', '엘리자베스 뱅크스', '데이비드 덴맨']",90,데이비드 야로베스키,15세 관람가,"['공포', 'SF']",[],52.755,2019-05-23,0,"어느 날, 간절히 아기를 원하던 부부에게 찾아온 다른 세계의 소년 ‘브랜든’. 부모의 보살핌 속에 평범하게 자라던 중 자신에게 숨겨진 강력한 힘을 깨닫게 되면서 인류를 위협할 사악한 본성을 드러내기 시작하는데…"
매기,매기,"['아놀드 슈왈제네거', '아비게일 브레스린', '조엘리 리차드슨']",95,헨리 홉슨,15세 관람가,"['드라마', '공포', '스릴러']",[],52.713,2015-05-08,5.3,"좀비 바이러스로 인해 폐허가 된 세상,  ‘웨이드’는 편지 한 통만을 남긴 채 갑자기 사라진 딸 ‘매기’를 찾아 헤맨다.  가까스로 찾은 ‘매기’는 좀비 바이러스에 감염된 상태.  그런 딸을 차마 격리시설에 보낼 수 없는 ‘웨이드’는 어렵사리 ‘매기’를 집으로 데려온다.  ‘웨이드’는 희망을 놓지 않고 ‘매기’를 지극 정성으로 보살피지만,  점점 좀비의 본능이 강해지는 ‘매기’로 인해 마을 사람들은 모두 불안에 떨고  그녀를 딸처럼 아끼던 새엄마 마저 "
베놈,베놈,"['톰 하디', '미셸 윌리엄스']",107,루벤 플레셔,15세 관람가,"['액션', 'SF', '스릴러']","3,887,975",52.645,2018-09-28,6.6,진실을 위해서라면 몸을 사리지 않고 사회의 부조리를 취재하는 정의로운 열혈 기자 에디 브록(톰 하디). 거대 기업 라이프 파운데이션의 생체실험에 의혹을 품고 뒤를 쫓던 그는 이들의 사무실에 잠입했다가 실험실에서 외계 생물체 심비오트의 기습 공격을 받게 된다. 심비오트가 숙주의 몸과 정신을 지배할 때 능력을 발휘하는 베놈은 에디의 몸에 기생하며 갖가지 소동을 일으킨다. 한편 비밀리에 인간과 심비오트를 결합해 새로운 생명체를 만들려는 시도를 계속하던 라이프
왕이 될 아이,왕이 될 아이,"['루이스 서키스', '레베카 퍼거슨', '패트릭 스튜어트']",120,조 코니쉬,전체 관람가,"['모험', '판타지']","29,236",52.617,2019-01-16,6.1,"바위에 꽂힌 미스터리한 검을 발견한 ‘알렉스’(루이스 서키스). 득템의 기쁨도 잠시, 다크포스 풍기는 마법 존재들의 공격에서 가까스로 위기를 모면한다. 마법사 ‘멀린’(패트릭 스튜어트)은 ‘알렉스’가 미래를 구할 왕이 될 아이라 말하고, 레알 베프와 무늬만 친구였던 아이들을 모아 최악의 마녀 ‘모가나’(레베카 퍼거슨)와 싸워야 한다. 최 연 소 초딩 히어로의 탄생? 절대악에 맞서 세상을 구하라!"
메리 포핀스 리턴즈,메리 포핀스 리턴즈,"['에밀리 블런트', '린-마누엘 미란다', '벤 위쇼']",130,롭 마샬,전체 관람가,"['판타지', '뮤지컬']","224,160",52.543,2018-12-13,6.6,"체리트리 가 17번지에 살고 있는 마이클과 세 아이들은 아내와 엄마를 잃고, 집까지 빼앗길 위기에 처해 슬픔에 잠긴다. 어느 날, 바람의 방향이 바뀌고 마이클의 가족에게 다시 돌아온 ‘메리 포핀스’는 사랑스러운 마법으로 가득 찬 황홀한 경험을 선사하는데…"
캡틴 아메리카: 시빌 워,캡틴 아메리카: 시빌 워,"['크리스 에반스', '로버트 다우니 주니어', '스칼렛 요한슨']",147,안소니 루소,12세 관람가,"['액션', 'SF', '스릴러']","8,678,117",52.135,2016-04-27,7.3,"어벤져스가 벌인 전투로 많은 사람들이 불의의 사고를 당하는 등 부수적인 피해가 일어나자 정부는 슈퍼히어로 등록제를 추진하려 한다. 어벤져스의 독자적인 판단에 맡기기보다 직접 관리, 감독하겠다는 게 정부의 속내. 아이언맨(로버트 다우니 주니어)은 정부의 방침을 따라야 한다는 입장인 반면, 캡틴 아메리카(크리스 에반스)는 정부의 감시 없이 자유롭게 지구를 지켜야 한다고 주장한다. 어벤져스 내부는 캡틴 아메리카(윈터 솔져, 팔콘, 호크아이, 스칼렛 위치, 앤"
엽문 외전,엽문 외전,"['장진', '양자경', '데이브 바티스타']",108,원화평,15세 관람가,['액션'],[],51.491,2018-12-20,5.1,"영춘권 일인자 엽문에게 패배한 뒤, 무술계를 떠나 아들과 함께 평범한 삶을 살아가던 ‘장천지’ 우연히 암흑 조직에 쫓기던 한 여자를 도와준 그는 이후 생계는 물론, 목숨마저 위협받게 된다. 술과 마약 등 불법 사업을 확장해나가던 조직이 장천지의 주변 사람들까지 죽음으로 몰고 가자 더 이상 참지 못한 그는 정의를 위해 최후의 결전을 벌이게 되는데…"
보헤미안 랩소디,보헤미안 랩소디,"['라미 말렉', '루시 보인턴', '귈림 리']",134,브라이언 싱어,12세 관람가,['드라마'],"9,948,386",50.255,2018-10-24,8.1,공항 수하물 노동자로 일하며 음악의 꿈을 키우던 이민자 출신의 아웃사이더 파록 버사라. 보컬을 구하던 로컬 밴드에 들어가게 되면서 프레디 머큐리라는 이름으로 밴드 퀸을 이끌게 된다. 시대를 앞서가는 독창적인 음악과 화려한 퍼포먼스로 관중들을 사로잡으며 성장하던 퀸은 방송에서 외면을 받을 것이라는 음반사의 반대에도 불구하고 무려 6분 동안 이어지는 실험적인 곡 보헤미안 랩소디로 대성공을 거두며 월드스타 반열에 오른다. 그러나 독보적인 존재감을 뿜어내던 프
블랙클랜스맨,블랙클랜스맨,"['존 데이비드 워싱턴', '아담 드라이버', '토퍼 그레이스']",128,스파이크 리,15세 관람가,"['범죄', '드라마', '스릴러']",[],50.237,2018-07-30,7.6,"1970년대 초반, 흑인으로는 처음으로 콜로라도 스프링스의 경찰관이 된 론 스털워스(존 데이비드 워싱턴)는 변화를 만들기로 결심하고, 용기있게 위험한 미션을 행한다. KKK단에 잠입하여 그들의 실체를 드러내는 것. 그는 노련한 동료 플립 짐머맨(아담 드라이버)을 이 비밀 수사에 합류시킨다. 함께 뭉친 이들은 주류사회의 지지를 얻고자 하는 극단주의자 단체를 무너뜨리고자 하는데..."
데드풀 2,데드풀 2,"['라이언 레이놀즈', '조슈 브롤린', '재지 비츠']",117,데이빗 레이치,청소년 관람불가,"['액션', '모험', '코미디']","3,784,630",50.107,2018-05-10,7.5,"암 치료를 위한 비밀 실험에 참여한 후, 강력한 힐링팩터 능력을 지닌 슈퍼히어로 데드풀로 거듭난 웨이드 윌슨(라이언 레이놀즈)은 여자친구 바네사(모레나 바카린)와 더없이 행복한 시간을 보낸다. 그러나 행복도 잠시, 눈 앞에서 소중한 연인을 잃어버리고 삶의 의미를 상실하지만 자기 치유 능력 때문에 죽고 싶어도 죽지를 못한다. 밑바닥까지 내려간 데드풀은 더 나은 사람이 되기로 결심한다. 한편 미래에서 온 케이블(조시 브롤린)은 러셀을 집요하게 쫓는다. 데드"
닥터 스트레인지,닥터 스트레인지,"['베네딕트 컴버배치', '레이첼 맥아담스', '틸다 스윈튼']",115,스콧 데릭슨,12세 관람가,"['액션', '모험', '판타지']","5,447,269",49.671,2016-10-25,7.3,"오만함과 실력 모두 최고인 신경외과 의사 닥터 스티븐 스트레인지(베네딕트 컴버배치)는 운전 중에 핸드폰을 한 대가로 두 손의 신경이 끊어지는 심각한 부상을 입고 큰 상심에 빠진다. 게다가 모난 말들로 사랑하는 여인 크리스틴 팔머(레이첼 맥아담스)마저 그의 곁을 떠나게 만든다. 그는 치료를 위해 히말라야의 영적 지도자, 에인션트 원(틸다 스윈튼)을 만나 마지막 희망을 걸고 수련을 시작한다. 스트레인지는 빠르게 마법을 터득해 나가는 동시에 세계의 작동원리와"
더 사일런스,침묵,['발렌티나 카넬루티'],15,앨리 아스가리,[],['드라마'],[],49.623,2019-05-16,6.2,공포로 뒤덮인 세상. 열세 살 때 청력을 잃은 소녀 앨리(키어넌 십카)는 가족과 함께 외딴 피난처를 찾아간다. 하지만 그곳에서 앨리와 가족들은 고도로 발달한 앨리의 감각을 이용하려는 사악한 광신도 집단과 마주치는데...
서스페리아,서스페리아,"['다코타 존슨', '틸다 스윈튼', '클로이 모레츠']",152,루카 구아다니노,청소년 관람불가,['공포'],"1,563",49.471,2018-10-11,7.1,마담 블랑의 무용 아카데미에 들어가기 위해 미국에서 베를린으로 찾아온 소녀 수지 그리고 그 곳에서 겪는 기이하고 놀라운 경험
시스터스 브라더스,시스터스 브라더스,"['제이크 질렌할', '호아킨 피닉스', '룻거 하우어']",120,자크 오디아드,R,['서부'],[],49.393,2018-09-19,7,"찰리와 엘리 시스터스 형제는 손에 피를 묻히고 산다. 청부살인이 직업이다. 형제는 파트너 존과 더불어 범죄자를 소탕하지만, 재미를 위해 살인을 하는 것은 아니다. 단지 일일 뿐이다. 동생 찰리가 이 일에 재능을 타고 난 반면, 엘리야는 평범한 삶을 꿈꾼다. 오레곤에서 캘리포니아까지, 새로운 추격이 시작된다."
반지의 제왕: 왕의 귀환,반지의 제왕: 왕의 귀환,"['일라이저 우드', '숀 애스틴', '앤디 서키스']",263,피터 잭슨,12세 관람가,"['판타지', '모험', '액션']","730,945",49.131,2003-12-01,8.4,"사우론이 인간들의 마지막 요새인 곤도르를 향해 야욕을 드러내고 있는 한편, 아라곤은 쇠락해가고 있는 곤도르의 재건을 위해 왕위 계승을 신중하게 결정지어야만 하는 상황. 이제 중간대륙의 미래는 그의 어깨에 달려있는 것. 사우론이 이끄는 어둠의 군대와의 마지막 전투를 위해 간달프는 곤도르에 흩어져 있던 병사들을 모으고, 로한의 왕 세오덴에게 도움을 받기도 하지만 사우론의 군대에 비하면 열세를 면치 못한다. 그러나 그들은 중간대륙을 사우론의 야욕으로부터 지키"
데스 위시,데스 위시,['브루스 윌리스'],107,일라이 로스,15세 관람가,"['액션', '범죄', '드라마']","7,915",48.486,2018-03-02,5.8,"뉴욕에서 건축가로 일하고 있는 폴 커시는 사랑하는 아내와 딸,사위와 행복한 삶을 살고 있었다. 그러나 자신의 집에 있던 아내와 딸이 정체 모를 강도들의 습격으로 성폭행 당하는 사건이 발생한다. 이 사건으로 아내는 세상을 떠나고 딸은 심각한 충격을 받게 된다.  이에 커시는 경찰에 조사를 의뢰하지만,유일한 목격자인 딸이 충격 때문에 제대로 증언을 하지 못해 수사에 난항을 겪게 된다. 오래 전 뛰어난 사격 솜씨를 자랑했던 폴은 결국 친구로부터 선물받은 32"
앤트맨,앤트맨과 와스프,"['폴 러드', '에반젤린 릴리', '마이클 더글라스']",118,페이튼 리드,12세 관람가,"['액션', '모험', 'SF']","5,448,134",48.344,2015-07-14,7.1,"하나뿐인 딸에게 멋진 아빠이고 싶지만 현실은 생계형 도둑인 스콧 랭. 하지만 전과자인 스콧의 새 출발은 번번이 좌절된다. 어느 날 그에게 몸을 자유자재로 늘리거나 줄일 수 있는 핌 입자를 개발한 과학자 행크 핌이 찾아와 수트와 헬멧을 건네며 앤트맨이 되어 줄 것을 요청한다. 행크는 앤트맨의 기술이 악용되는 것을 막기 위해 스콧에게 접근했고, 스콧을 앤트맨으로 훈련시켜 그 비밀기술을 훔쳐내려는 계획을 짠다. 어리둥절하지만 일단 한번 해보기로 결심한 스콧은"
어 마디아 패밀리 퓨너럴,어 마디아 패밀리 퓨너럴,"['타일러 페리', '패트리스 러블리', '캐시 데이비스']",109,타일러 페리,PG-13,['코미디'],[],48.212,2019-03-01,5.5,
스타워즈 에피소드 4: 새로운 희망,[],[],[],[],[],[],[],47.548,1977-05-25,8.2,"공화국이 붕괴하고 제국이 수립된 뒤 20년, 제다이 기사단은 전멸하고 강력한 제국군의 횡포에 은하계는 공포에 휩싸여 있다. 그러던 중 공화국 재건을 노리는 반란군이 제국군의 비밀병기 데스스타 설계도를 훔쳐 달아나고 제국군은 이를 쫓는다. 하지만 결국 제국의 손에 붙잡히게 된 그들은 드로이드 R2-D2에 설계도를 넣어서 R2의 친구 C-3PO와 탈출시키는 데 성공하고, 두 드로이드 콤비는 타투인의 시골 마을에서 숙부와 함께 살고 있던 청년 루크 스카이워커"
반지의 제왕: 반지 원정대,반지의 제왕: 반지 원정대,"['일라이저 우드', '이안 맥켈런', '리브 타일러']",228,피터 잭슨,12세 관람가,"['판타지', '모험', '액션']",[],47.372,2001-12-18,8.3,"호빗이라 불리우는 난장이 종족 중의 한 명인 프로도는 자신의 삼촌에게서 우연히 절대 반지를 물려받게 되고, 마법사 간달프를 통해서 절대반지가 사우론의 손에 들어가면 악의 세력이 세상을 지배하게 된다는 것을 알게 된다. 하지만 절대반지를 영원히 파괴할 수 있는 유일한 방법은 반지가 만들어진 불의 산의 용암에 그것을 던져 넣는 길 뿐이다. 마침내 프로도와 그의 친구들, 엘프족인 레골라스, 난장이족 김리, 두명의 인간 전사 아라곤과 보로미르, 그리고 마법사 "
캡틴 아메리카: 윈터 솔져,캡틴 아메리카: 윈터 솔져,"['크리스 에반스', '스칼렛 요한슨', '사무엘 L. 잭슨']",136,조 루소,15세 관람가,"['액션', '모험', 'SF']","3,963,964",47.096,2014-03-20,7.7,스티브 로저스(크리스 에반스)는 외계의 뉴욕 침공 사건이 있은 뒤 워싱턴에서 쉴드 요원으로 살아가고 있다. 납치된 쉴드의 함선을 구출하는 작전을 펼치던 중 스티브는 닉 퓨리 국장(새뮤얼 L. 잭슨)과 블랙 위도우(스칼렛 요한슨)가 쉴드의 정보를 무단으로 수집하고 있다는 것을 알게 된다. 그리고 얼마 뒤 닉 퓨리는 윈터 솔져(세바스천 스탠)의 공격으로 눈을 감는다. 블랙 위도우와 함께 닉 퓨리가 남긴 USB를 분석하며 진실을 추적하던 스티브는 적이 쉴드 
해리 포터와 마법사의 돌,해리 포터와 마법사의 돌,"['다니엘 래드클리프', '루퍼트 그린트', '엠마 왓슨']",152,크리스 콜럼버스,전체 관람가,"['판타지', '가족', '모험']",[],46.936,2001-11-16,7.8,"해리 포터(다니엘 래드클리프 분)는 위압적인 버논 숙부(리챠드 그리피스 분)와 냉담한 이모 페투니아 (피오나 쇼 분), 욕심 많고 버릇없는 사촌 더즐리(해리 멜링 분) 밑에서 갖은 구박을 견디며 계단 밑 벽장에서 생활한다. 이모네 식구들 역시 해리와의 동거가 불편하기는 마찬가지. 이모 페투니아에겐 해리가 이상한(?) 언니 부부에 관한 기억을 떠올리게 만드는 달갑지 않은 존재다. 11살 생일이 며칠 앞으로 다가왔지만 한번도 생일파티를 치르거나 제대로 된 "
모털 엔진,모털 엔진,"['헤라 힐마', '로버트 시한', '휴고 위빙']",128,크리스찬 리버스,12세 관람가,"['액션', '모험', 'SF']","268,921",46.542,2018-11-27,6,"움직이는 모든 것을 집어삼키려는 거대도시 ‘런던’. 탐욕스러운 거대도시 런던으로부터 세상을 지키려는 ‘저항 세력’. 숨겨진 공중도시 ‘에어 헤이븐’. 60분 전쟁으로 지구가 멸망한 황폐해진 미래, 인류의 생존이 걸린 움직이는 도시들의 전쟁. 끝내고 싶다면 모든 것을 삼켜야 한다"
레프트 비하인드: 휴거의 시작,레프트 비하인드: 휴거의 시작,"['니콜라스 케이지', '리 톰슨', '캐시 톰슨']",110,빅 암스트롱,12세 관람가,"['액션', 'SF', '스릴러']",66,46.438,2014-10-03,3.9,"대학생 '클로이'(캐시 톰슨)는 공항에서 성경에 관해 설교하는 여자로부터 유명 기자 '벅'(채드 마이클 머레이)을 구해준다. '클로이'는 아빠 '레이'(니콜라스 케이지)의 깜짝 생일 파티를 위해 고향을 찾아왔지만, 비행기 조종사인 '레이'는 호출을 받고 급하게 비행을 떠난다.  '레이'는 '벅'을 포함한 수많은 승객들을 태운 비행기에 탑승하고, 오랜만에 집으로 간 '클로이'는 이번엔 독실한 기독교 신자인 엄마와 말다툼을 벌인다. 기분 전환을 위해 어린 "
캐리비안의 해적: 블랙펄의 저주,[],[],[],[],[],[],[],46.164,2003-07-09,7.7,"매력 넘치는 해적 캡틴 잭 스패로우(죠니 뎁 분)에게 수정처럼 맑고 투명한 카리브 해는 어드벤처와 미스터리로 가득찬 세계이다. 그는 현재 해적 생활을 그만두고 한적한 삶을 살고 있다. 그런 그의 인생이 사악한 해적 캡틴 바르보사(제프리 러쉬 분)에 의해 위기를 맞는다. 캡틴 바르보사가 잭 스패로우의 해적선 ‘블랙펄(Black Pearl)’을 훔친 다음, 포트 로열(Port Royal)을 공격하여 총독(조나단 프라이스 분)의 아름다운 딸 엘리자베스 스완("
스파이더맨: 파 프롬 홈,스파이더맨: 파 프롬 홈,"['톰 홀랜드', '제이크 질렌할']",[],존 왓츠,[],"['액션', '모험', '코미디']",[],45.845,2019-07-01,0,평범한 일상으로 돌아온 스파이더맨 ‘피터 파커’(톰 홀랜드)가 학교 친구들과 함께 떠난 유럽 여행에서 새로운 빌런들과 정체불명의 인물 ‘미스테리오’(제이크 질렌할)를 만나면서 벌어지는 이야기를 그린 마블 액션 블록버스터
마지막 군단,마지막 군단,"['콜린 퍼스', '벤 킹슬리', '아이쉬와라 라이']",102,더그 레플러,12세 관람가,"['액션', '모험', '판타지']",30,45.539,2007-04-19,5.4,"AD 460, 로마제국은 800여년간 강력한 통치력을 발휘하여, 동쪽으로는 메소포타미아, 서쪽으로는 이베리아 반도, 남쪽으로는 이집트, 북쪽으로는 라인강과 다뉴브강에 이르기까지 실로 제국이라 할 만한 맹위를 떨치고 있었다. 12살의 Romulus Augustus가 새 로마제국의 황제가 되는 전날, 바바리안(고트족)의 장군 Odoacer가 부대를 이끌고 로마시 외곽에 자리를 잡는다. 로마제국을 계속 지원하겠으니 자신들의 동남쪽지역 통치를 부정하지 말라는 "
키싱 부스,[],[],[],[],[],[],[],45.267,2018-05-11,7.3,"첫 키스를 해버린 엘, 그것도 학교의 인기 넘버원하고! 하지만 그는 넘봐선 안 될 사람. 그와 사랑에 빠지면 평생의 단짝을 잃게 된다. 새가슴 엘의 선택은?"
아이언맨 2,아이언맨 2,"['로버트 다우니 주니어', '기네스 팰트로', '돈 치들']",125,존 파브로,12세 관람가,"['SF', '모험', '액션']","4,425,235",44.89,2010-04-28,6.8,"세계 최강의 무기업체를 이끄는 CEO이자, 타고난 매력으로 화려한 삶을 살아가던 토니 스타크. 기자회견을 통해 자신이 아이언맨이라고 정체를 밝힌 이후, 정부로부터 아이언맨 수트를 국가에 귀속시키라는 압박을 받지만 이를 거부한다. 스타크 인더스트리의 운영권까지 수석 비서였던 페퍼 포츠에게 일임하고 히어로로서의 인기를 만끽하며 지내던 토니 스타크. 하지만 그 시각, 아이언맨의 수트 기술을 스타크 가문에 빼앗긴 후 쓸쓸히 돌아가신 아버지의 복수를 다짐해 온 "
쥬라기 월드: 폴른 킹덤,쥬라기 월드: 폴른 킹덤,"['크리스 프랫', '브라이스 달라스 하워드']",127,후안 안토니오 바요나,12세 관람가,"['액션', '모험', 'SF']","5,661,231",44.537,2018-06-06,6.5,"지상 최대의 테마파크 쥬라기 월드가 폐쇄된 지 3년 후.  이슬라 누블라의 활화산 시보산이 분화하려는 조짐을 보이자 조짐에 뉴스에서는 이와 더불어 공룡들의 보호에 관련된 시위나 소식들을 보도한다. 오웬(크리스 프렛)과 클레어(브라이스 달라스 하워드)는 벤자민 록우드(제임스 크롬웰)의 부탁으로 공룡들의 멸종을 막기 위해 이슬라 누블라 섬으로 떠난다. 한편 진화된 공룡들을 이용하려는 세력의 거대한 음모가 드러나고, 절대 지상에 존재해선 안될 위협적 공룡들이"
교수와 광인,[],[],[],[],[],[],[],44.293,2019-03-07,7.2,"19세기 중반, 영국언어학회는 '옥스퍼드 영어 사전' 편찬에 참여할 자원봉사자를 모집한다. 그중 가장 정력적으로 빼어난 예문들을 보내오는 닥터 마이너는 단연 돋보였다. 평소 이런 마이너에게 감사하던 새 사전 책임편집자 머리는 여러차례 그를 옥스퍼드로 초대하지만, 왠지 모르게 번번이 거절당한다. 그래서 20년 동안 두사람의 관계는 서신왕래를 통해서만 지속된다. 뛰어난 언어학 스럴러로 두사람의 기묘하게 얽힌 인생을 재창조해 낸다."
인터스텔라,인터스텔라,"['매튜 맥커너히', '앤 해서웨이', '마이클 케인']",169,크리스토퍼 놀란,12세 관람가,['SF'],"10,309,432",43.754,2014-11-05,8.2,"세계 각국의 정부와 경제가 완전히 붕괴된 미래가 다가온다. 지난 20세기에 범한 잘못이 전 세계적인 식량 부족을 불러왔고, NASA도 해체되었다. 나사 소속 우주비행사였던 쿠퍼(매튜 매커너헤이)는 지구에 몰아친 식량난으로 옥수수나 키우며 살고 있다. 거센 황사가 몰아친 어느 날 알 수 없는 힘에 이끌려 딸과 함께 도착한 곳은 인류가 이주할 행성을 찾는 나사의 비밀본부. 이 때 시공간에 불가사의한 틈이 열리고, 이 곳을 탐험해 인류를 구해야 하는 임무를 "
벨벳 버즈소,벨벳 버즈소,"['제이크 질렌할', '르네 루소', '자웨 애쉬튼']",109,댄 길로이,[],['스릴러'],[],43.647,2019-02-01,5.3,"냉정한 갤러리 운영자와 그녀의 야심에 찬 비서, 그리고 악명 높은 미술 비평가. 이들이 무명 화가의 놀라운 유작을 손에 넣는다. 그 후에 닥칠 재앙은 짐작도 못 한 채."
숀더쉽,숀더쉽,"['저스틴 플레쳐', '존 스파크스', '오미드 다릴리']",85,마크 버튼,전체 관람가,"['애니메이션', '모험', '코미디']","91,856",43.529,2015-02-05,6.9,"평화롭게 목장 생활을 즐기던 ‘숀’과 친구들에게 대.박.사.건이 터졌다? 집 나간 아빠를 찾기 위해 빅시티행 버스에 탑승해버린 녀석들!  달랑 아빠 사진 한 장 들고 위험천만한 빅시티에 도착! 마치 사.람.인.양 도시를 활보하는 무모한 양떼들의 특급 미션이 시작되는데...  계획 NO! 대책 NO! 가이드 NO! 시작은 창피(?)하였으나 그 끝은 창대(!)한 양떼들의 예측불가 시티어택이 펼쳐진다!  올 여름, 통제불능 양떼들이 몰려온다!"
폴라,폴라,"['매즈 미켈슨', '바네사 허진스', '캐서린 윈닉']",118,조나스 애커룬드,[],"['액션', '범죄']",[],43.52,2019-01-25,6.3,"최고의 청부 살인자 덩컨. 은퇴를 준비하던 그는 막대한 퇴직금을 눈앞에 두고 음모에 말려든다. 잔혹한 킬러 군단과의 대결, 마지막 살인 게임의 방아쇠가 당겨졌다."
라스트 썸머,라스트 썸머,"['키쿠치 린코', '요릭 밴 와게닌젠']",94,레오나르도 구에라 세라그놀리,[],['드라마'],[],43.103,2019-05-03,6.1,"이제 막 고등학교를 졸업한 시카고의 십 대들. 그들이 여름을 맞이한다. 자유로울 수 있는 마지막 기회. 사랑도 꿈도 불투명하지만, 마음이 원하는 길을 가고 싶다."
배드 타임즈: 엘 로얄에서 생긴 일,배드 타임즈: 엘 로얄에서 생긴 일,"['크리스 헴스워스', '다코타 존슨', '닉 오퍼맨']",140,드류 고다드,15세 관람가,['스릴러'],[],42.957,2018-10-04,6.8,베트남전 당시 미국사회의 혼란상을 풍자한 스릴러 영화
데드풀,데드풀2: 순한 맛,"['라이언 레이놀즈', '프레드 세비지', '조슈 브롤린']",116,데이빗 레이치,12세 관람가,['SF'],"5,191",42.849,2016-02-09,7.6,특수부대 요원 출신의 용병 웨이드 윌슨(라이언 레이놀즈)은 취향과 장난기마저 똑 닮은 바네사(모레나 바카린)를 만나 행복한 나날을 보낸다. 하지만 행복은 광고처럼 짧은 법. 말기 암 선고를 받은 웨이드는 비밀 임상실험에 참여하며 재기를 노린다. 극한의 고문으로 이뤄진 실험 후 웨이드는 암을 치료할뿐더러 무한한 재생 능력을 얻으며 불사의 존재가 된다. 하지만 동시에 부작용으로 호러영화에 어울릴 법한 외양을 갖는다. 스스로 슈트까지 지어 입고 데드풀이 된 
어쩌다 로맨스,[],[],[],[],[],[],[],42.567,2019-02-13,6.4,"사랑이 밥 먹여주냐? 로맨스를 믿지 않는 건축가. 머리를 다친 후 깨어보니, 로맨틱 코미디의 주인공이 되어 있다. 아름다운 세상이 악몽과도 같은 그녀. 정녕 해피 엔딩은 없는 걸까. 로맨틱 코미디가 돼버린 인생. 이걸 나보고 믿으라고?"
러빙 빈센트,러빙 빈센트,"['더글러스 부스', '시얼샤 로넌', '제롬 플린']",107,도로타 코비엘라,15세 관람가,"['애니메이션', '미스터리']","435,173",42.489,2017-06-22,8.2,"1890년 7월 27일. 한 남자가 황혼이 지는 프랑스의 작은 시골마을 오베르의 중심가에서 쓰러졌다. 수척한 남자는 총상으로 피가 흐르는 배를 움켜쥐고 있었다. 그는 당시에 잘 알려지지 않았으나 현재에는 세계적으로 유명한 예술가 빈센트 반 고흐였다. 고흐의 비극적인 죽음은 널리 알려져 있으나, 왜 그가 총상을 입었는지는 미스터리로 남아 있다. 살아생전 단 한 점의 그림만을 팔았던 화가 빈센트의 죽음 후 1년, 아르망은 그의 그림을 사랑했던 아버지의 부탁"
더 퍼스트 퍼지,더 퍼스트 퍼지,"['로렌 벨레즈', '멜로니 디아즈', '모 맥레이']",97,제라드 맥머레이,R,"['액션', '공포', 'SF']",[],42.432,2018-07-04,5.8,미국의 공포 스릴러 영화 《더 퍼지》 시리즈의 4번째 작품. 더 퍼지의 프리퀄 이야기를 그린다. 분명 인기가 없었다면 네 번째 시리즈까지 만들어지지 않았을 편부터 특유의 잔인하고 폭력적인 소재와 화제가 됐던 영화이다.
디스트로이어,디스트로이어,"['니콜 키드먼', '토비 켑벨', '스쿳 맥네이리']",123,캐린 쿠사마,R,"['액션', '범죄', '드라마']",[],42.285,2018-12-25,5.8,"LA 형사였던 에린 벨, 젊은 시절 잠입 수사를 위해 캘리포니아 사막의 갱단에 심어졌다가 비극적인 결말을 맞는다. 그녀의 도덕적, 존재론적 오디세이"
?????????????? ????????,[],[],[],[],[],[],[],42.208,2019-02-22,0,
블레이드 러너 2049,블레이드 러너 2049,"['라이언 고슬링', '해리슨 포드']",163,드니 빌뇌브,15세 관람가,"['SF', '액션']","322,664",42.196,2017-10-04,7.4,"인간과 리플리컨트가 혼재된 2049년. 인간의 통제를 벗어난 리플리컨트를 쫓는 블레이드 러너 K(라이언 고슬링)는 임무 수행 도중 약 30년 전 여자 리플리컨트의 유골을 발견하고 충격적으로 출산의 흔적까지 찾아낸다. 리플리컨트가 출산까지 가능하다는 사실이 알려지면사회에 큰 혼란이 야기되므로 이를 덮으려는 경찰 조직과, 그 비밀의 단서를 찾아내 더욱 완벽한 리플리컨트를 거느리고 세상을 장악하기 위해 K를 쫓는 니안더 월레스(자레드 레토). 리플리컨트의 숨"
트루스 오어 데어,트루스 오어 데어,"['루시 헤일', '타일러 포시', '바이올렛 빈']",100,제프 와드로,15세 관람가,"['공포', '스릴러']","310,962",41.987,2018-04-12,6,"선택해 TRUTH OR DARE  무엇을 선택하든 공포는 시작될 거야!  친구들과 멕시코로 여행을 간 '올리비아'가 '카터'라는 남자를 만나 멕시코의 한 폐수도원에서 '트루스 오어 데어' 게임을 한 이후로, 친구들이 단체사진 순서로 '트루스 오어 데어' 게임을 강제로 하게 된다. 친구들의 죽음으로 이것이 소설이 아니라 현실인 것을 알게 된 나머지 친구들은 이 게임의 시초를 알아내기 시작하지만, 교활한 게임은 친구들을 거의 가지고 놀다시피 하며 게임을 진"
더 페이버릿: 여왕의 여자,더 페이버릿: 여왕의 여자,"['올리비아 콜맨', '엠마 스톤', '레이첼 와이즈']",119,요르고스 란티모스,15세 관람가,['드라마'],"164,366",41.917,2018-11-23,7.7,절대 권력을 지닌 히스테릭한 영국의 여왕 ‘앤’(올리비아 콜맨). ?여왕의 오랜 친구이자 권력의 실세 ‘사라 제닝스’(레이첼 와이즈)와 ?신분 상승을 노리는 몰락한 귀족 가문 출신의 욕망 하녀 ?‘애비게일 힐’(엠마 스톤)은 여왕의 총애를 받기 위해 ?수단과 방법을 가리지 않고 발버둥치기 시작하는데…?
직쏘,직쏘,['토빈 벨'],92,마이클 스피어리그,청소년 관람불가,"['공포', '스릴러', '범죄']","112,237",41.561,2017-10-26,6.1,도심 한복판에서 사람들이 한 명씩 살해 된 채 곳곳에서 발견된다. 모든 수사 결과와 증거는 이미 사망한 존 크레이머 일명 직쏘를 범인으로 지목하는데…
멋진 인생,멋진 인생,['제임스 스튜어트'],130,프랭크 카프라,15세 관람가,"['드라마', '판타지', '가족']",[],41.214,1946-12-20,8.2,"조지 베일리는 베드폴드 마을 사람들을 위해 평생을 봉사하며 살아온 인물. 그는 항상 여행을 원했지만 마을 전체를 인수하려는 구두쇠 포터의 계략을 막기 위해서 그 기회를 버릴 수 밖에 없었다. 그를 저지하기 위해 그와 그의 아버지가 만든 대출회사는 애를 쓰지만, 크리스마스 이브에 빌리 삼촌이 사업비 8000달러를 은행에 예금하려던 중 돈을 잃어버린다. 포터는 돈의 위치를 알아내고 이를 숨긴다. 조지는 책임을 떠안고 감옥에 구속되고, 회사는 파산한다. 마침"
어드리프트: 우리가 함께한 바다,어드리프트:우리가 함께한 바다,"['쉐일린 우들리', '샘 클라플린']",97,발타자르 코루마쿠르,12세 관람가,"['드라마', '멜로/로맨스']","59,009",41.006,2018-05-31,6.7,"환상적인 섬 타히티에서 운명처럼 사랑에 빠진 바다를 닮은 자유로운 여자 ‘태미’와 바다를 사랑하는 섬세한 남자 ‘리처드’는 함께 요트를 타고 6,500km의 긴 항해를 시작한다. 바다 위에서 인생 최고의 행복한 시간을 만끽하던 연인은 남태평양 한가운데에서 예상치 못한 사상 최악의 허리케인을 만나게 되는데…"
크리드 2,크리드 2,"['마이클 B. 조던', '실베스터 스탤론']",130,스티븐 카플 주니어,12세 관람가,"['액션', '드라마']","15,023",40.953,2018-11-21,6.7,"록키 발보아(실베스터 스탤론)의 영원한 라이벌이자 친구인 아폴로 크리드의 아들 아도니스 크리드(마이클 B. 조던), 아버지를 죽음에 이르게 한 이반 드라고의 아들 빅터 드라고가 펼치는 운명의 대결을 위해 다시 링 위에 오른다!"
트와일라잇,트와일라잇,"['크리스틴 스튜어트', '로버트 패틴슨']",121,캐서린 하드윅,12세 관람가,"['판타지', '멜로/로맨스', '드라마']","1,376,760",40.778,2008-11-20,6,"불멸의 뱀파이어와 인간의 위험한 사랑!  그들을 노리는 또 다른 뱀파이어 종족과의 숨막히는 대결! 창백한 얼굴, 붉은 입술, 짙은 황금빛 눈동자…지상에 존재하지 않을 것 같은 외모의 에드워드에게 매료된 벨라는 그의 숨겨진 비밀을 알게 된다. 바로 그는 108년을 살아온 뱀파이어라는 충격적인 사실. 그러나 그녀는 죽음의 두려움도 잊은 채 에드워드와 위험한 사랑을 시작하고 이로 인해 그들은 또 다른 종족의 뱀파이어로부터 추격을 당한다. 이제 그들의 앞날엔 "
트레인스포팅,트레인스포팅,"['이완 맥그리거', '이완 브렘너', '조니 리 밀러']",93,대니 보일,청소년 관람불가,"['범죄', '드라마']",[],40.772,1996-02-23,8,"스코틀랜드 에딘버러의 뒷골목에 살고 있는 렌튼, 스퍼드, 벡비, 식보이, 토미는 아무런 희망 없이 하루하루를 살아간다. 이들에게 있어 유일한 즐거움은 마약을 하는 것이다. 이들은 마약을 사기 위해 강도 행각을 벌이고, 아기가 마약을 먹고 죽는 상황까지 벌어지게 된다. 그 후 백화점을 털던 스퍼드는 실형을 선고 받고, 렌튼은 끔찍한 과정을 거쳐 마약을 끊고 취직을 한다. 건실하던 토미는 에이즈로 죽고, 벡비는 장물아비로, 식보이는 포주 노릇을 한다. 하지"
원더 우먼,원더 우먼,"['갤 가돗', '크리스 파인']",141,패티 젠킨스,12세 관람가,"['액션', '모험', '판타지']","2,165,407",40.684,2017-05-30,7.3,"수천년 간 존재를 숨긴 채 지구를 수호하던 데미스키라의 공주 다이애나(갤 가돗)는 어느 날 하늘에서 이상한 움직임을 포착한다. 1차 세계대전에 참전해 스파이 활동을 벌이다가 격추된 미국인 조종사 스티브(크리스 파인)가 해변에 불시착한 것. 태어나 처음으로 남성을 보게 된 다이애나는 호기심을 감추지 못하고, 데미스키라의 일원들은 그가 파멸을 가져올 수도 있음을 경고한다. 다이애나는 엄마이자 여왕인 히폴리타(코니 닐슨)의 반대에도 불구하고 나치군의 추격을 "
Re:제로부터 시작하는 이세계 생활 Memory Snow,Re:제로부터 시작하는 이세계 생활 Memory Snow,"['코바야시 유스케', '타카하시 리에', '우치야마 유미']",68,와타나베 마사하루,[],"['애니메이션', '판타지']",[],40.541,2018-10-06,4.9,"저주의 원흉인 마수 울가름을 물리치고 아람마을의 아이들을 구해낸 스바루와 동료들. 겨우 되찾은 평화도 한 순간, 스바루는 누구에게도 알려져서는 안될 어떤 극비 미션에 도전했다. 그러나 변장을 했음에도 불구하고, 곧 페트라를 시작으로 마을의 아이들에게 정체를 들켜 버린 스바루. 시작 5초 만에 들켜 버린 미션은 바로 에밀리아와의 데이트 코스 답사인데..."
스타 이즈 본,스타 이즈 본,"['브래들리 쿠퍼', '레이디 가가']",135,브래들리 쿠퍼,15세 관람가,"['드라마', '멜로/로맨스']","491,857",40.534,2018-10-03,7.5,"노래에 놀라운 재능을 가졌지만 외모에는 자신이 없는 무명가수 앨리(레이디 가가)는 공연을 하던 바에서 우연히 술을 마시러 온 톱스타 잭슨 메인(브래들리 쿠퍼)을 만나게 된다. 앨리의 매력에 빠지게 된 잭슨은 앨리에게 자신의 삶에 대해 말해주고, 앨리는 그런 잭슨에게 즉석에서 노래를 만들어준다. 다음 날 잭슨은 자신의 공연에 앨리를 불러 관중 앞에서 노래를 부를 기회를 주고, 순식간에 앨리는 유명해진다. 잭슨의 도움으로 앨리는 자기 안의 열정을 폭발시키며"
업사이드,업사이드,"['브라이언 크랜스톤', '케빈 하트', '니콜 키드먼']",126,닐 버거,12세 관람가,"['코미디', '드라마']",[],40.264,2019-01-10,7.3,"떳떳한 가장이 되기 위해 직장이 필요한 ‘델’(케빈 하트)은 24시간 케어가 필요한 뉴욕의 주식부자 ‘필립’(브라이언 크랜스톤)과 면접을 본다. ‘이본’(니콜 키드먼)은 전과자에 무신경한 ‘델’이 못마땅하지만 ‘필립’은 자신을 동정하지 않는 ‘델’을 채용한다. 입 떡 벌어지는 주급에 좋은 가장이 될 수 있다는 꿈에 부푼 ‘델’, 기쁨도 잠시.. 첫 날부터 X센 극한직업이 시작되는데... 2012년 개봉한 프랑스 영화 '언터처블: 1%의 우정'의 미국 리"
맨디,맨디,"['니콜라스 케이지', '안드레아 라이즈보로']",121,파노스 코스마토스,청소년 관람불가,"['액션', '스릴러', '공포']",[],40.032,2018-09-13,6.2,"세상과 동떨어진 깊은 숲속에서 평화로운 삶을 살아가고 있던  ‘레드’(니콜라스 케이지)와 그의 연인 ‘맨디’(안드레아 라이즈보로).  어느 날 우연히 ‘맨디’는 사이비 종교 집단의 교주 ‘제레미아’(라이너스 로체)의 눈에 띄게 되어 납치당하고, 그의 말을 거역했다는 이유로 ‘레드’의 눈앞에서 잔혹하게 살해당한다.  끔찍한 현장, 죽음의 위기에서 간신히 살아남은 ‘레드’는 ‘맨디’를 희생시킨 자들의 정체를 찾아 나선다. 살리고 싶었지만 살릴 수 없었고, "
이모티: 더 무비,이모티: 더 무비,"['T.J. 밀러', '제임스 코든', '안나 페리스']",91,토니 레온디스,전체 관람가,"['애니메이션', '코미디', '가족']","40,375",40.023,2017-07-23,5.4,"‘텍스토폴리스’의 제1원칙은 1인 1표정!  각자 맡은 표정을 완벽히 해내야 하지만 다양한 감정의 소유자 ‘진’은 출동한 첫날 당황한 나머지 실수를 저지른다.  ‘진’의 실수는 스마트폰 초기화라는 ‘텍스토폴리스’의 파멸을 불러오고 ‘텍스토폴리스’의 시장인 ‘스마일’은 도시를 위기에 빠뜨린 ‘진’을 파괴하기 위해 백신봇을 출동시키는데…  ‘진’은 친구 ‘하이파이브’, 해커 ‘핵키 브레이크’와 함께 ‘텍스토폴리스’와 자신의 운명을 구하기 위해 ‘소스 코드’"
벤자민 버튼의 시간은 거꾸로 간다,벤자민 버튼의 시간은 거꾸로 간다,"['브래드 피트', '케이트 블란쳇']",166,데이빗 핀처,12세 관람가,"['판타지', '멜로/로맨스', '드라마']","1,747,305",39.885,2008-12-25,7.5,"1차 세계 대전 말 뉴올리언즈. 80세의 외모를 가진 아기 벤자민 버튼이 태어난다. 사랑하는 아내가 벤자민을 낳다 세상을 떠난 것에 대한 분노와 아이의 평범하지 않은 외모에 경악한 벤자민의 아버지는 분노를 참지 못하고 그를 놀란 하우스 양로원 현관 앞에 버린다. 놀란 하우스에서 일하는 퀴니에게 발견된 벤자민. 퀴니를 엄마로, 그곳의 할아버지, 할머니들을 친구로 살아가는 벤자민은 해가 갈수록 젊어지는 자신을 발견한다. 12살이 되어 60대 외형을 가지게 "
인크레더블 2,인크레더블 2,"['크레이그 T. 넬슨', '사무엘 L. 잭슨', '홀리 헌터']",125,브래드 버드,전체 관람가,"['애니메이션', '액션', '모험']","3,033,105",39.73,2018-06-14,7.6,"세상은 바뀌었고, 우리는 여기에 적응해야 한다고 가족을 설득했던 일라스티걸(홀리 헌터)은 글로벌 통신회사의 재벌 윈스턴 데버(밥 오덴커크)와 에블린 데버(캐서린 키너) 남매의 제안을 받으면서 히어로 홍보 프로젝트의 모델이 된다. 일라스티걸이 위기에 빠진 사람들을 구해내며 히어로 이미지 개선에 힘쓰는 사이, 인크레더블(크레이그 T. 넬슨)은 어린 잭잭을 보살피며 육아가 일보다 힘들다는 것을 몸으로 학습한다. 또한 그는 첫째 딸 바이올렛(사라 보웰)의 첫사"
다이 하드,다이 하드,['브루스 윌리스'],131,존 맥티어난,15세 관람가,"['액션', '스릴러', '범죄']",[],39.292,1988-07-15,7.7,"뉴욕 경찰관 존 맥클레인(브루스 윌리스)은 떨어져 사는 아내 홀리 (보니 델리아)를 만나기 위해 LA의 나카도미 빌딩으로 찾아간다. 그러나 파티가 한창 무르익을 무렵, 한스 그루버(알란 릭맨)가 이끄는 일단의 테러리스트들이 침입, 사장을 비롯한 파티 참석자 30여 명을 인질로 삼고 건물 금고에 소장하고 있는 돈과 보물을 손에 넣으려 한다. 최첨단 하이테크에 의해 관리되던 34층짜리 나카토미 빌딩은 통채로 테러리스트들의 수중으로 넘어가 폐쇄되고 고층 빌딩"
저스티스 리그,저스티스 리그,"['벤 애플렉', '갤 가돗', '제이슨 모모아']",120,잭 스나이더,12세 관람가,"['액션', '모험', '판타지']","1,786,388",39.12,2017-11-15,6.2,"마더박스는 시간과 공간, 에너지, 중력을 통제하는 범우주적인 능력으로 행성의 파괴마저도 초래하는 물체로  이 강력한 힘을 통제하기 위해 고대부터 총 3개로 분리되어 보관되고 있던 것. 인류에 대한 믿음을 되찾고 슈퍼맨의 희생 정신에 마음이 움직인 브루스 웨인은  새로운 동료인 다이애나 프린스에게 도움을 청해 이 거대한 적에 맞서기로 한다. 배트맨과 원더 우먼은 새로이 등장한 위협에 맞서기 위해 아쿠아맨, 사이보그, 플래시를 찾아 신속히 팀을 꾸린다. 이"
12 솔져스,12 솔져스,"['크리스 헴스워스', '마이클 섀넌', '마이클 페나']",130,니콜라이 퓰시,15세 관람가,"['액션', '드라마', '전쟁']","223,740",39.026,2018-01-16,5.6,"2001년 9월 11일, 뉴욕 세계무역센터 테러가 발생하자 정부는 테러 조직이 은둔해 있는 거점을 파괴할 계획을 세운다. 제5특전단 595 알파작전 분견대원들은 죽어도 세상에 죽었다고 알리지 못할 임무를 맡게 된다. 실전 경험은 부족하나 오랜 훈련 기간 동안 부대원들의 두터운 신망을 얻고 있었던 미치 대위(크리스 헴스워스)는 장군 앞에서 거의 떼를 쓰듯 자신과 부대원들을 보내 달라고 사정한다. 아군과 적군을 사실상 구분할 수 없는 상황에서 미치를 비롯한"
나는 비밀을 알고 있다,나는 비밀을 알고 있다,"['제임스 스튜어트', '도리스 데이', '브렌다 드 밴지']",120,알프레드 히치콕,청소년 관람불가,"['모험', '스릴러', '드라마']",[],38.908,1956-06-01,7.5,미국인 의사 벤 맥케나와 조 부부는 아들 행크와 함께 프랑스령 모로코로 휴가를 즐기러 간다. 그들이 시장에서 쇼핑을 하고 있을 때 한 아랍인이 등에 칼을 맞은 채 그들 앞에 쓰러진다. 그는 벤에게 암브로스 채플이라는 말 한마디를 남긴채 죽고 어린 아들은 누군가에 의해 납치당한다. 아들을 구하러 나선 맥케나 부부는 추적끝에 국제 스파이 조직이 런던의 앨버트 홀에서 외교관을 암살할 계획임을 알아낸다. 교향악단의 연주가 시작되고 암살의 신호인 심벌즈가 울리기
보이 이레이즈드,보이 이레이즈드,"['루카스 헤지스', '니콜 키드먼', '조엘 에저튼']",114,조엘 에저튼,15세 관람가,['드라마'],[],38.779,2018-09-24,7.2,
47 미터,47 미터,"['맨디 무어', '클레어 홀트']",89,조하네스 로버츠,15세 관람가,"['공포', '스릴러']","590,045",38.647,2017-05-25,5.6,"멕시코의 태평양 연안에서 특별한 휴가를 맞은 ‘리사’와 ‘케이트’. 잊을 수 없는 추억을 만들기 위해 익스트림 스포츠인 상어 체험(샤크 케이지)에 도전한다. 하지만 즐거움도 잠시, 자매가 올라 탄 케이지는 알 수 없는 사고로 순식간에 심해 47미터까지 추락하고 만다. 무시무시한 식인 상어 무리에 둘러싸인 '샤크 케이지' 속에서 산소 탱크로 버틸 수 있는 시간은 단 20분!"
23 아이덴티티,23 아이덴티티,"['제임스 맥어보이', '안야 테일러 조이']",117,M. 나이트 샤말란,15세 관람가,"['공포', '스릴러']","1,676,011",38.456,2016-09-26,7.2,"23개의 인격을 가진 남자 케빈(제임스 맥어보이). 어릴 때 엄마에게 학대를 당한 그는 자신을 보호하기 위해 인격들의 리더인 배리, 미성숙한 9살 소년 헤드윅, 여성 패트리샤, 강박증이 있는 데니스 등 23개의 인격을 만들어냈다. 유일하게 자신을 이해하는 플레처 박사(베티 버클리)와 상담을 나누며 인격들을 컨트롤하던 그에게 어느 날 비스트라는 24번째 인격에 대한 믿음이 생겨난다. 비스트를 불러내고자 하는 인격들은 세명의 10대 소녀 케이시, 클레어, "
배드 맘스 크리스마스,[],[],[],[],[],[],[],38.269,2017-11-01,6.3,"모두가 행복해야 할 크리스마스. 그날이 다가올수록 세 엄마는 불길하기만 하네. 심지어 그들의 사고뭉치 엄마들까지 등장 완료! 행복으로 가는 길, 원래 가시밭길인 걸까?"
앤트로포이드,앤트로포이드,"['킬리언 머피', '제이미 도넌']",121,숀 엘리스,15세 관람가,"['스릴러', '전쟁']",529,38.039,2016-08-12,7,제 2차 세계 대전 기간 중 나치가 유럽의 전역을 함락하고 있을 무렵 체코의 통치자이자 홀로 코스트 계획을 추진하고 있던 라인하르트 하이드리히를 제거하기 위해 영국과 체코 슬로바키아 망명 정부가 극비리에 계획을 수립한다. 낙하산을 타고 체코 인근에 침투하는데 성공한 두 명의 최정예 특수요원 요셉 (킬리언 머피)과 얀 (제이미 도넌)은 마침내 체코 레지스탕스와 손을 잡고 작전에 돌입한다. 2차 세계 대전 중 히틀러의 명령을 받고 체코에 주둔 하고 있던 하
트랜스포터 : 리퓰드,트랜스포터: 리퓰드,"['에드 스크레인', '론 샤바놀']",86,카밀 들라마레,15세 관람가,"['액션', '범죄', '스릴러']","161,245",37.73,2015-09-03,5.4,"더욱 빠르고 강력해진 NEW 트랜스포터의 탄생!  의뢰인의 물건을 비밀스럽게 운반하는 트랜스포터, 프랭크 마틴. 이름을 알 수 없는 이로부터 의뢰를 받고 약속 장소에 나가게 되지만 그는 누군가의 음모에 이용당하게 된다. 아버지까지 납치 당하고, 프랭크는 어쩔 수 없이 러시아 인신매매 집단에 맞서 임무를 완수해야만 하는 상황에 놓이게 된다! 이에 프랭크는 트랜스포터의 모든 규칙을 깨고, 새로운 룰로 미션을 해결하려고 하는데…"
비행기,비행기,"['발 킬머', '테리 해처', '세드릭 더 엔터테이너']",92,클레이 홀,전체 관람가,"['애니메이션', '모험', '가족']","233,557",37.62,2013-08-09,5.8,"시골의 농약살포기 ‘더스티’는 세계 최고의 레이싱 챔피언을 꿈꾸는 비행기. 높은 곳을 무서워하는 고소공포증에도 불구하고 꿈을 위해 용기를 낸 ‘더스티’는 친구들의 도움을 받아 세계 레이싱 대회에 도전한다. 전 세계 최고의 레이서 비행기들이 출전하는 세계일주 비행대회에서 과연, 시골에서 온 고소공포증 비행기 ‘더스티’는 레이싱 챔피언의 꿈을 이룰 수 있을까?"
시간의 주름,시간의 주름,"['오프라 윈프리', '리즈 위더스푼', '스톰 레이드']",109,에바 두버네이,전체 관람가,"['모험', '가족', '판타지']",[],37.592,2018-03-08,5,시간을 주름처럼 접는 5차원의 이동 원리를 알아낸 후 알 수 없는 힘에 의하여 어둠에 갇힌 물리학자 아버지를 구하기 위해 기상천외한 모험을 떠나는 한 소녀의 이야기.
매트릭스,매트릭스,"['키아누 리브스', '로렌스 피시번', '캐리 앤 모스']",136,릴리 워쇼스키,12세 관람가,"['SF', '액션']",[],37.532,1999-03-30,8.1,"인간의 기억마저 AI에 의해 입력되고 삭제되는 세상, 진짜보다 더 진짜 같은 가상 현실 매트릭스. 그 속에서 진정한 현실을 인식할 수 없게 재배되는 인간들. 그 매트릭스를 빠져 나오면서 AI에게 가장 위험한 인물이 된 모피어스(로렌스 피쉬번)는 몇 안 되는 동료들과 함께 기계와의 전쟁 전후의의 폐허를 떠돌며 인류를 구할 마지막 영웅을 찾아 헤맨다. 마침내 모피어스는 낮에는 평범한 회사원 앤더슨(키아누 리브스)으로, 밤에는 해커로 활동하는 청년 네오를 그"
해리 포터와 비밀의 방,해리 포터와 비밀의 방,"['다니엘 래드클리프', '루퍼트 그린트', '엠마 왓슨']",162,크리스 콜럼버스,전체 관람가,"['판타지', '가족', '모험']",[],37.512,2002-11-13,7.7,"해리 포터에겐 이번 여름방학이 별로 즐겁질 못했다. 마법이라면 질색을 하는 페투니아 이모(피오나 쇼 분)와 버논 이모부(리차드 그리피스 분)의 구박도 그렇지만, 무엇보다 속상한 건 단짝이었던 론 위즐리(루퍼트 그린트 분)와 헤르미온느 그레인저(엠마 왓슨 분)가 그 사이 자신을 까맣게 잊었는지 자신의 편지에 답장 한 통 없다는 것.  그러던 어느날 꼬마 집요정 도비가 해리의 침실에 나타나 뜻밖의 얘기를 한다. 호그와트 마법학교로 돌아가면 무서운 일을 당할"
인크레더블 헐크,인크레더블 헐크,"['에드워드 노튼', '리브 타일러', '팀 로스']",113,루이스 리터리어,15세 관람가,"['액션', '판타지', 'SF']","991,417",37.309,2008-06-12,6.2,"실험 중 감마선에 노출된 이후 분노를 통제할 수 없는 상태가 되면 괴력을 지닌 녹색 괴물 헐크로 변하게 되는 브루스 배너(에드워드 노튼). 필사적으로 치료제 개발에 매달리지만, 그의 능력을 이용하려는 정부와 군대의 끈질긴 추격을 받고 쫓기게 된다. 한편 헐크의 거대한 힘의 비밀을 파헤치던 이들은 헐크보다 더 파괴적인 어보미네이션을 만드는데 성공, 도시 전체를 집어삼키려 한다. 이에 브루스 배너는 정상적인 인생을 되찾으려던 계획을 버리고, 어보미네이션과 "
캠프 엑스-레이,[],[],[],[],[],[],[],37.182,2014-10-17,6.8,"9.11 테러 이후, 테러 사건의 용의자들을 가둬둔 관타나모 수용소로 발령 받은 신병 ‘에이미 콜’(크리스틴 스튜어트). 발령 첫 날, 수용된 자들을 ‘포로’가 아닌, ‘억류자’라고 부르라는 상사의 명령을 받는다.  고향인 작은 마을을 떠나, 의미 있는 일을 하기 위해 입대한 그녀가 맡은 임무는 ‘억류자’들의 이름 대신 번호로 부르고, 용건 외 어떠한 대화도 나누지 않으며, 반항하면 며칠 동안 잠을 재우지 않는 벌을 주고, 단식을 하면 강제로 음식물을 "
정글,정글,"['다니엘 래드클리프', '토마스 크레취만', '알렉스 러셀']",115,그렉 맥린,15세 관람가,"['액션', '모험', '드라마']","3,043",37.017,2017-10-14,6.2,"우연히 여행길에서 만난 요시와 마르커스 그리고 케빈은 칼의 권유로 정글탐험에 나서게 된다. 막연히 탐험 그 자체에 도전해보고 싶었던 요시멋진 사진을 찍고 싶어하는 케빈내키지 않지만 친구들의 권유로 마르커스까지 동행하게 되는데자연그대로인 정글에서 이동하는 것은 생각보다 쉽지 않은 상황걷기가 힘들어지자 뗏목을 만들어 강으로 이동하려 하는데정글에 대해 잘 아는 칼도 두려움을 갖게하는 강칼과 마르커스는 탐험을 포기, 걸어서 되돌아가기로 했고요시와 케빈은 뗏목으"
스타워즈: 라스트 제다이,스타워즈: 라스트 제다이,"['데이지 리들리', '마크 해밀', '아담 드라이버']",152,라이언 존슨,12세 관람가,"['액션', '모험', '판타지']","959,578",36.989,2017-12-13,7,"악의 세력인 무자비한 퍼스트 오더가 은하계를 장악한 시대. 레아 장군(캐리 피셔)의 저항군은 힘겨운 싸움을 이어가고 있다. 그들의 유일한 희망은 마지막 제다이 루크 스카이워커(마크 해밀). 저항군은 승리의 불씨를 지필 마지막 희망을 찾아 레이를 과거의 영웅 루크에게 보낸다. 레이(데이지 리들리)는 우여곡절 끝에 루크를 찾아내지만, 자신의 잘못으로 레아의 아들 벤 솔로가 퍼스트 오더의 실세 카일로 렌이 되었다고 생각하는 루크는 함께 떠나자는 레이의 제안을"
엑스맨: 데이즈 오브 퓨처 패스트,엑스맨: 데이즈 오브 퓨처 패스트,"['휴 잭맨', '제임스 맥어보이', '마이클 패스벤더']",134,브라이언 싱어,12세 관람가,"['SF', '모험', '액션']","4,313,446",36.931,2014-05-15,7.5,"돌연변이들을 멸종시키기 위해 제작된 로봇 센티넬이 인간들까지 모조리 말살하는 2023년. 인류의 종말이 코앞에 닥친 상황에서 프로페서X(패트릭 스튜어트)와 매그니토(이안 매켈런)는 과거를 통해 미래의 운명을 바꾸고자 한다. 울버린(휴 잭맨)은 트라스크(피터 딘클리지)가 센티넬을 개발하는 것을 막기 위해 1973년으로 보내진다. 1973년의 찰스(제임스 맥어보이)는 절망에 빠진 채 행크 맥코이(니콜라스 홀트)와 함께 은둔 생활을 하고 있고, 에릭(마이클 "
한 솔로: 스타워즈 스토리,한 솔로: 스타워즈 스토리,"['엘든 이렌리치', '에밀리아 클라크', '우디 해럴슨']",135,론 하워드,12세 관람가,"['액션', 'SF']","213,987",36.927,2018-05-15,6.6,"코렐리아 행성에서 노예처럼 일하던 빈민가의 청년 한(앨든 이렌리치)은 사랑하는 키라(에밀리아 클라크)와 함께 행성을 탈출할 기회를 노리고 있다. 우주 최고의 파일럿이 되기를 꿈꾸지만 현실은 못된 악당에게 붙들려 밀수꾼 노릇을 하는 중. 우여곡절 끝에 행성을 탈출하지만 키라와 생이별을 하게 된 한은 우주를 떠돌다가 츄바카(요나스 수오타모), 랜도(도널드 글러버), 베킷(우디 해럴슨) 등을 만나 엄청난 가치를 지닌 우주 자원 탈취 작전을 공모하게 된다. 파"
레플리카,레플리카,"['키아누 리브스', '앨리스 이브', '에밀리 엘린 린드']",107,제프리 나크마노프,PG-13,"['범죄', '미스터리', 'SF']",[],36.762,2018-10-25,5.7,윌의 가족들은 불의의 교통사고로 이미 세상을 떠났지만 신경과학자인 그가 가족의 복제품을 만들어 함께 살아가고 있는 것. 극비리에 가족을 복제하고 윌은 일상의 평화를 되찾지만 아내와 아이들이 하나 둘 몸과 기억의 이상을 호소하기 시작하고 생명 윤리와 법을 거스른 그는 정부의 추적에 쫓기기 시작하는데…
아웃로 킹,아웃로 킹,"['크리스 파인', '애런 존슨', '스티븐 딜레인']",137,데이빗 맥킨지,[],"['액션', '드라마']",[],36.738,2018-11-09,7,"영국에 충성을 약속한 스코틀랜드 귀족 로버트 브루스. 굴종의 치욕을 씻기 위해, 그가 피를 나눈 형제들과 함께 반란을 일으킨다."
퍼스널 쇼퍼,퍼스널 쇼퍼,['크리스틴 스튜어트'],105,올리비에 아사야스,15세 관람가,"['드라마', '스릴러']","14,577",36.635,2016-10-19,5.9,"프랑스 파리에서 퍼스널 쇼퍼로 일하는 미국 여자 ‘모린’(크리스틴 스튜어트)  영혼들과 대화할 수 있는 능력을 가진 그녀는 최근 쌍둥이 오빠의 죽음으로 힘겨운 시간을 보낸다.  그러던 어느 날, 정체를 알 수 없는 존재로부터 의문의 메시지가 들어오는데…  “난 널 알아, 너도 날 알고, 내 정체가 안 궁금한가?”"
서버비콘,서버비콘,"['맷 데이먼', '줄리안 무어', '노아 주프']",105,조지 클루니,15세 관람가,"['범죄', '미스터리']","12,713",36.449,2017-10-26,5.8,"미국에서 가장 살기 좋은 마을로 꼽히는 서버비콘에서 남부러울 것 없는 삶을 살고 있는 가드너(맷 데이먼)는 아내 로즈(줄리안 무어)를 죽이고 쌍둥이 처제 마가렛과 새로운 삶을 계획한다. 완벽한 계획을 위해 마피아에게 청부살인을 의뢰한 가드너. 아내는 살해 당하지만 의외의 목격자로 인해 계획이 흐트러지기 시작한다. 집요하게 사건을 캐묻고 집으로 찾아오는 보험조사관 버드(오스카 아이작)와 마피아, 처제, 아들 니키(노아 주프)까지 가드너를 궁지로 몰아간다."
더 건맨,더 건맨: 테이큰 감독 뉴프로젝트,"['숀 펜', '하비에르 바르뎀', '이드리스 엘바']",113,피에르 모렐,15세 관람가,"['액션', '스릴러', '범죄']","107,478",36.345,2015-02-16,5.7,누구도 믿지 마라!  거대 광물산업의 용병으로 고용된 전직 특수부대원 ‘짐 테리어’(숀 펜)는 비밀 작전의 설계자 ‘펠릭스’(하비에르 바르뎀)로부터 콩고민주공화국 광업부 장관을 암살하라는 지령을 받는다. 미션 성공 후 8년 간 자취를 감춘 채 NGO활동으로 과거를 속죄하며 살던 짐은 어느 날 괴한의 습격을 당한다. 직감적으로 이것이 과거 비밀 작전과 연관이 있음을 알아챈 그는 펠릭스를 찾아간다. 그리고 그가 사랑했던 연인 ‘애니’(자스민 트린카)가 펠릭
에잇스 그레이드,[],[],[],[],[],[],[],36.289,2018-01-19,7.4,
아이언맨 3,아이언맨 3,"['로버트 다우니 주니어', '기네스 팰트로', '벤 킹슬리']",129,셰인 블랙,12세 관람가,"['SF', '모험', '액션']","9,001,679",36.228,2013-04-18,6.9,"어벤저스의 일원으로 활약한 뉴욕 사건 이후, 트라우마로 인해 영웅으로서의 삶에 회의를 느끼는 토니 스타크(로버트 다우니 주니어). 그가 혼란을 겪는 사이 최악의 테러리스트 만다린(벤 킹슬리)을 내세운 익스트리미스 집단 AIM이 스타크 저택에 공격을 퍼붓는다. 이 공격으로 그에게 남은 건 망가진 수트 한 벌 뿐. 모든 것을 잃어버린 그는 다시 테러의 위험으로부터 세계와 사랑하는 여인(기네스 팰트로)을 지켜내야 하는 동시에 머릿속을 떠나지 않던 한가지 물음"
아바타,아바타,"['샘 워싱턴', '조 샐다나', '시고니 위버']",162,제임스 카메론,12세 관람가,"['SF', '모험', '액션']","13,486,963",36.211,2009-12-10,7.4,"가까운 미래, 지구는 에너지 고갈 문제를 해결하기 위해 머나먼 행성 판도라에서 대체 자원을 채굴하기 시작한다. 하지만 판도라의 독성을 지닌 대기로 인해 자원 획득에 어려움을 겪게 된 인류는 판도라의 토착민 나비(Na’vi)의 외형에 인간의 의식을 주입, 원격 조종이 가능한 새로운 생명체를 탄생시키는 프로그램을 개발한다. 한편 하반신이 마비된 전직 해병대원 제이크 설리(샘 워딩튼)는 아바타 프로그램에 참가할 것을 제안받는다. 그 곳에서 자신의 아바타를 통"
미싱 링크,미싱 링크,"['휴 잭맨', '조 샐다나', '엠마 톰슨']",95,크리스 버틀러,PG,"['애니메이션', '모험', '코미디']",[],36.174,2019-04-04,7.2,
인셉션,인셉션,"['레오나르도 디카프리오', '와타나베 켄', '조셉 고든 레빗']",147,크리스토퍼 놀란,12세 관람가,"['액션', '모험', 'SF']","5,835,017",35.951,2010-07-15,8.3,"타인의 꿈과 접속해 생각을 빼낼 수 있는 근미래, 돔 코브(레오나르도 디카프리오)는 꿈의 보안 프로그래머이자 동시에 침입자다. 그는 일본인 사업가 사이토(와타나베 켄)의 제안에 따라 거대 합병 기업의 총수가 될 피셔(킬리언 머피)의 꿈을 설계하여 기업 합병을 막으려 든다. 그 일을 성사시키면 코브는 사이토의 도움으로 아내(마리온 코티아르)의 살해범으로 몰린 자신의 누명을 뒤로 하고 사랑스런 자녀들이 있는 집으로 돌아갈 수 있다. 마침내 코브 일행은 꿈 "
롱 샷,롱 샷,"['샤를리즈 테론', '세스 로건', '앤디 서키스']",125,조나단 레빈,[],['코미디'],[],35.917,2019-05-02,6.8,첫사랑 베이비시터 ‘샬롯’(샤를리즈 테론)을 20년 만에 만난 실직 기자 ‘프레드’(세스 로건)가 현직 미 국무 장관이자 대선 후보가 된 그녀의 연설문 작가가 되면서 벌어지는 상상불가 케미를 그린 대유잼 로코버스터
제 7기사단,제 7기사단,"['클라이브 오웬', '모건 프리먼', '엑셀 헨니']",115,키리야 카즈아키,15세 관람가,"['액션', '모험']","10,710",35.892,2015-04-03,6.3,사상 최고의 실력으로 전설이 된 최강 부대 제 7기사단과 대장 ‘레이든’(클라이브 오웬). 그는 절대 권력의 횡포로 힘없는 이들이 고통 받는 세상을 바로 잡으려는 ‘바톡’(모건 프리먼) 영주의 뜻에 따라 정의와 신념을 지키기 위한 반격을 결심하는데…
더 스퀘어,더 스퀘어,['클라에스 방'],151,루벤 외스틀룬드,15세 관람가,['블랙코미디'],"16,764",35.87,2017-08-25,6.9,"‘더 스퀘어’라는 새로운 전시를 앞둔 스톡홀름 현대 미술관 수석 큐레이터 ‘크리스티안’ 누구보다 완벽했던 그에게 예측불허! 기상천외한 트러블이 빵! 빵! 터지기 시작했다. 통제 불가! 짜증 유발! 그럼에도 불구하고, HELP HIM, PLEASE!"
파이브 피트,파이브 피트,"['헤일리 루 리차드슨', '콜 스프로즈']",116,저스틴 밸도니,15세 관람가,"['드라마', '멜로/로맨스']","98,528",35.81,2019-03-15,8.2,"같은 병을 가진 사람끼리 6피트 이상 접근해서도, 접촉도 해선 안되는 CF(낭포성 섬유증)를 가진 ‘스텔라’와 ‘윌’. 첫눈에 반한 두 사람은 서로를 위해 안전거리를 유지하려고 하지만 그럴수록 더욱 빠져든다. 손을 잡을 수도 키스를 할 수도 없는 그들은 병 때문에 지켜야 했던 6피트에서 1피트 더 가까워지는 걸 선택하고 처음으로 용기를 내 병원 밖 데이트를 결심한다. 그러나 갑자기 숨을 쉬지 못하는 ‘스텔라’. ‘윌’은 그녀를 살리기 위해 안전거리를 어"
레이디스 나잇,레이디스 나잇,"['아나 크라우디아 타란콘', '안나 데 라 레구에라']",89,가브리엘라 타글리아비니,[],"['코미디', '멜로/로맨스']",[],35.804,2017-06-15,5.5,대학 시절 절친들이 상원 후보자인 제시카의 결혼 전 처녀 파티를 즐기려 마이애미로 향하고 고용한 남성 스트리퍼가 사고로 죽게 되고 강도들에게 위협을 당하며 모든 일들을 헤쳐나가는 내용의 이야기.
테일 오브 테일즈,테일 오브 테일즈,"['셀마 헤이엑', '뱅상 카셀', '스테이시 마틴']",133,마테오 가로네,청소년 관람불가,['판타지'],"30,291",35.563,2015-05-14,6.2,욕망에 휩싸인 세 여인이 있다. 영화의 시작을 여는 건 아기를 갖기 위해 영혼이라도 팔겠다는 왕비(샐마 헤이엑) 이야기다. 왕비는 풍문에 따라 처녀가 요리한 바다괴물의 심장을 먹고 아들을 얻는다. 아이는 같은 날 태어난 처녀의 아이에게 집착에 관심을 보이며 성장한다. 두 번째는 왕의 사랑을 얻기 위해 젊음을 탐하는 노파와 그 동생의 이야기다. 도라는 우연한 계기로 젊음을 얻는다. 이를 시기한 동생 이마는 도라의 말만 믿고 피부를 깎아내 젊음을 되찾으려 
홀로그램 포 더 킹,홀로그램 포 더 킹,"['톰 행크스', '사리타 초우드리', '벤 위쇼']",98,톰 티크베어,청소년 관람불가,['드라마'],[],35.493,2016-04-22,5.9,"한 때는 잘나가던 사업가 였지만, 지금은 그냥 ‘이혼한 빚 많은 세일즈맨’이 되어버린 ‘앨런 클레이’(톰 행크스). 지칠대로 지친 그에게 사우디아라비의 왕족에게 회사의 신기술을 팔고 오라는 명령이 떨어진다. 태어나서 단 한번도 가보지 않은 낯선 땅에 선 ‘앨런’은 정작 국왕의 그림자 조차도 못보고 뜻밖의 인연과 예상 밖의 일들만 겪지만, 자신의 인생 2막이 시작되고 있음을 점차 알게 되는데..."
아무도 머물지 않았다,아무도 머물지 않았다,"['베레니스 베조', '타하르 라힘', '알리 모사파']",130,아쉬가르 파라디,15세 관람가,"['드라마', '미스터리']","15,753",35.398,2013-05-17,7.3,"아마드는 4년 째 별거 중인 마리와 이혼하기 위해 파리로 향한다. 오랜만에 찾아 간 그녀의 집에는 전남편 사이에서 낳은 두 명의 딸과, 곧 마리와 결혼하는 사미르, 그리고 사미르의 불만투성이 아들이 있다. 한편, 아마드는 자꾸만 엇나가는 큰 딸 루시에게 사미르의 전 부인이 현재 혼수 상태이며, 그것이 엄마 마리 때문이라는 충격적인 이야기를 듣게 되는데..."
헝거게임: 모킹제이,헝거게임:모킹제이,"['제니퍼 로렌스', '조쉬 허처슨', '리암 헴스워스']",123,프란시스 로렌스,15세 관람가,"['판타지', '액션']","854,407",35.386,2014-11-18,6.8,"캐피톨 VS 13구역 혁명군  게임은 끝났다! 물러설 수 없는 정면승부가 시작된다!  헝거게임이 끝나고 캣니스의 고향인 12구역이 캐피톨의 폭격으로 파괴되자 그녀는 절망감으로 괴로워한다. 12구역의 생존자들이 13구역에 있다는 것을 알게 된 캣니스는 반정부 세력의 중심이 된다. 어떤 공격도, 어떤 감시도 피할 수 있는 전설의 13구역을 다스리는 대통령 코인은 캣니스에게 혁명의 불꽃이자 반군의 상징인 모킹제이가 되어달라고 부탁하고, 모두의 희망이 된 캣니"
아논,[],[],[],[],[],[],[],35.381,2018-05-03,5.8,그녀 주변에서 연쇄 살인이 발생한다.모두가 연결되어 오히려 취약한 미래. 범인을 잡으려면 눈에 보이는 것을 믿지 마라.
레전드,레전드,"['톰 하디', '태런 에저튼', '에밀리 브라우닝']",132,브라이언 헬겔랜드,청소년 관람불가,"['액션', '범죄', '드라마']","180,091",35.315,1985-07-19,6.2,"빛의 시대가 오자 지하세계로 숨어든 어둠의 대왕은 세상을 다시 손아귀에 넣기 위해 순수와 빛의 세계를 지키는 유니콘 한쌍을 죽이려고 한다. 그 유니콘의 존재를 알고 있는 잭은 지상에서 가장 순수한 영혼을 지닌 숲속의 소년. 잭은 사랑하는 릴리 공주가 유니콘을 보고 싶다고 하자 위험을 깨닫지 못하고 유니콘을 보여준다. 릴리가 유니콘에 접근하는 순간, 그녀를 뒤쫓던 악귀들이 독화살로 수컷 유니콘을 쓰러뜨리고 외뿔을 잘라 손에 넣는다. 그러자 온기를 잃은 세"
데드 캠프 2,[],[],[],[],[],[],[],35.286,2007-08-25,5.6,리얼리티 서바이벌 TV프로그램에 출연하게 된 6명의 남녀와 방송관계자들이 산속에서 사람들을 잡아 먹고 사는 살인마 가족들을 피해 고군분투하는 내용을 다룬 영화이다.
피치 퍼펙트 3,피치 퍼펙트 3,"['안나 켄드릭', '레벨 윌슨', '브리타니 스노우']",149,트리시 시에,15세 관람가,['코미디'],[],35.272,2017-12-20,6.5,
그린북,그린 북,"['비고 모텐슨', '마허샬라 알리']",130,피터 패럴리,12세 관람가,['드라마'],"432,396",35.191,2018-11-16,8.3,"1962년 미국, 입담과 주먹만 믿고 살아가던 토니 발레롱가(비고 모텐슨)는 교양과 우아함 그 자체인 천재 피아니스트 돈 셜리(마허샬라 알리)의 운전기사 면접을 보게 된다. 백악관에도 초청되는 등 미국 전역에서 콘서트 요청을 받으며 명성을 떨치고 있는 돈 셜리는 위험하기로 소문난 미국 남부 투어 공연을 떠나기로 결심하고, 투어 기간 동안 자신의 보디가드 겸 운전기사로 토니를 고용한다. 거친 인생을 살아온 토니와 교양과 기품을 지키며 살아온 돈. 생각, "
메가로돈,메가로돈,"['제이슨 스타뎀', '레인 윌슨']",113,존 터틀타웁,12세 관람가,"['액션', '공포', 'SF']","527,962",35.173,2018-08-09,5.9,"모든 것을 먹어 치운다! 국제 해저 관측 프로그램으로 일환으로 심해를 탐사 중인 해저 탐험대는 정체 모를 거대 생물에게 공격을 당한다. 긴급 투입된 심해 구조 전문가 조나스(제이슨 스타뎀)는 그것이 200만년 전 멸종된 것으로 알려진 ‘메가로돈’임을 주장한다. 아무도 믿으려 하지 않지만, 조나스는 역사상 가장 위대하고 가장 거대한 포식자와 두 번째로 마주하는 것인데…"
개구쟁이 스머프 2,개구쟁이 스머프 2,"['크리스티나 리치', '닐 패트릭 해리스', '알란 커밍']",104,라자 고스넬,전체 관람가,"['애니메이션', '가족']","921,788",35.13,2013-07-30,5.7,스머프들이 돌아온다! 이번엔 프랑스 파리로~! 위험에 빠진 스머페트를 구하라!  프랑스 파리의 스타 마법사가 된 ‘가가멜’. 하지만 마법 약발이 떨어지기 시작하자 그가 만들어낸 말썽쟁이 스머프 ‘벡시’ &amp; ‘해커스’와 함께 유일하게 “마법의 스머프 묘약”을 만들어 낼 줄 아는 ‘스머페트’를 납치한다!! ‘가가멜’에게 납치당한 ‘스머페트’를 구하기 위해 다시 한번 인간세상으로 여행을 떠나는 ‘파파 스머프’와 스머프들. 난생처음 와보는 낭만의 도시 
라이온 킹 3 : 라이온 킹 1과 1/2,[],[],[],[],[],[],[],35.109,2004-02-06,6.5,"티몬은 몽구스 마을이 싫었다. 언제 어디서 덮칠지 모르는 하이에나와 맹수들을 피해서, 땅굴을 파고 또 파며 숨어사는 몽구스 마을. 그렇지만 티몬이 원하는 것은 남의 눈치보지 않고 햇빛을 받으며 풍요롭게 즐기는 삶이다. 당연히 몽구스 마을에서는 최고의 말썽꾼이자 골칫거리일 밖에. 그래서 티몬은 길을 떠났다. 눈에 보이는 곳 저 너머, 꿈에도 그리는 이상적인 집을 찾으러...  티몬의 길동무가 된 것은 멧돼지 품바. 커다란 덩치에 상당히 못생기고, 방귀냄새"
퍼펙트 데이트,[],[],[],[],[],[],[],34.969,2019-04-12,6.4,"야심 찬 고등학생, 대학 학비를 벌기 위해 맞춤형 데이팅 사업에 뛰어든다. 고객이 원하는 모든 이상형으로 단숨에 변신하는 브룩스. 그런데 가만있어 봐. 내가 누구더라?"
룰스 오브 인게이지먼트,룰스 오브 인게이지먼트,"['토미 리 존스', '사무엘 L. 잭슨']",128,윌리엄 프리드킨,15세 관람가,"['드라마', '전쟁', '액션']",[],34.829,2000-04-07,6.1,"미국 해병대 소속으로 베트남전을 비롯, 베이루트, 패트리어트 사막 전투 등 수많은 전쟁에서 공을 세운 전설적인 군인 테리 칠더스 대령에게 예맨의 미국 대사 가족을 보호하는 임무가 맡겨진다. 시민들의 시위가 폭동의 수준에까지 이르자 칠더스(사무엘 L. 잭슨)는 그들을 헬기로 탈출시키려 한다. 그러나 시위대로부터 날아온 총알에 동료들과 자신의 목숨을 지키기 위해 시위대에 대응 사격한다.  그러나 칠더스는 교전법칙을 어겼다는 이유로 군법 회의에 회부되고 정부"
작은 영웅 데스페로,작은 영웅 데스페로,"['엠마 왓슨', '매튜 브로데릭', '시고니 위버']",93,샘 펠,전체 관람가,"['가족', '모험', '판타지']","436,167",34.818,2008-12-19,5.8,"남들에겐 바늘, 내겐 검! 남들에겐 고양이, 내겐 귀여운 '복실이'!  세상을 깜짝 놀라게 할 겁없는 녀석이 온다!  두려움이 미덕인 생쥐 세계에서 쥐덫을 놀이기구로 삼고, 미술 시간에 고양이 그림을 그리는 등 용감무쌍 행동으로 마을을 놀래키는, 엉뚱하지만 사랑스러운 데스페로.  항상 새로운 세상에 대한 호기심으로 가득 차 있던 데스페로는 어느 날 인간 세상으로 여행을 떠나게 되고, 빛과 활기를 잃은 도르 왕국에서 우연히 아름다운 피(Pea)공주를 만나"
오버로드,오버로드,"['와이어트 러셀', '요한 필립 애스백', '보킴 우드바인']",109,줄리어스 에이버리,청소년 관람불가,"['액션', '공포', '미스터리']",[],34.768,2018-11-01,6.7,"2차 세계 대전 D-Day  전날 밤, 공수부대가 노르망디 외곽의 작은 마을에서 독일 무선탑을 파괴하라는 임무수행 중에 비행기가 추락한다.  결국 목표에 도착을 했지만 공수부대는 나찌 군인들과 싸우는 것 외에도 나치의 비밀 실험체인 무시무시하고 피비린내 나는 폭력적인 동물들과 싸워야한다."
다크 나이트,다크 나이트,"['크리스찬 베일', '히스 레저', '아론 에크하트']",152,크리스토퍼 놀란,15세 관람가,"['액션', '범죄', '드라마']","4,175,526",34.751,2008-07-16,8.4,"범죄와 부정부패를 제거하여 고담시를 지키려는 배트맨(크리스찬 베일). 그는 짐 고든 형사(게리 올드만)와 패기 넘치는 고담시 지방 검사 하비 덴트(아론 에크하트)와 함께 도시를 범죄 조직으로부터 영원히 구원하고자 한다. 세 명의 의기투합으로 위기에 처한 악당들이 모인 자리에 보라색 양복을 입고 얼굴에 짙게 화장을 한 괴이한 존재가 나타나 배트맨을 죽이자는 사상 초유의 제안을 한다. 그는 바로 어떠한 룰도, 목적도 없는 사상 최악의 악당 미치광이 살인광대"
와인 컨트리,[],[],[],[],[],[],[],34.688,2019-05-08,7,"50번째 생일을 맞은 여인. 오랜 여자 친구들이 그날을 축하하기 위해 여행을 떠난다. 하지만 변치 않을 우정은 개뿔, 애증의 판도라 상자가 열렸다! 우리, 아직 친구 맞니?"
아이온크래드,아이온크래드2: 피의 전투,"['톰 오스틴', '로지 데이']",108,조나단 잉글리쉬,청소년 관람불가,"['액션', '모험']",[],34.684,2011-03-03,6.1,영국을 배경으로 마그나 카르타(대헌장) 이후 교왕의 지지를 얻어 덴마크 용병들을 모아 자신을 반대했던 세력에 잔인한 복수를 시작하는 영국왕 존을 대항해 반군들이 올때까지 로체스터 성에서 시간을 벌어야 하는 기사들과의 싸움을 그린 역사물
나 홀로 집에 4,[],[],[],[],[],[],[],34.64,2003-11-26,4.2,부모님이 이혼을 해 엄마와 함께 살게 된 케빈은 크리스마스를 아빠와 함께 아빠의 여자친구 나탈리의 집에서 보내기로 결정한다. 한편 전편들에서 케빈에게 호되게 당했던 도둑 마브는 베라라는 새 파트너와 함께 나탈리의 집을 털기로 하는데...
저스트 어 이어,저스트 어 이어,"['로즈 번', '라프 스팰', '사이먼 베이커']",97,댄 마저,청소년 관람불가,"['코미디', '멜로/로맨스']","6,312",34.555,2013-02-08,5.4,"첫 만남은 운명, 연애할 땐 사랑, 결혼 후엔 실수?! 더도 말고 딱 1년 만에… 내 남편을 죽이고 싶어졌다!  첫 만남 후, 불 같은 사랑에 빠져 초스피드로 결혼에 골인한 ‘냇’(로즈 번)과 ‘조쉬’(라프 스팰). 매일 행복할 줄만 알았는데 “일년만 살아봐!”라는 주변 사람들의 말처럼 결혼 생활이 순탄치만은 않다. 남편 조쉬는 하루 종일 소파에만 앉아 어설픈 유머를 날리는가 하면, 청소는커녕 쓰레기를 휙~휙 던져 놓고 급기야 회사모임에 동석해 진상댄스"
보리밭을 흔드는 바람,보리밭을 흔드는 바람,['킬리언 머피'],126,켄 로치,15세 관람가,"['전쟁', '드라마']","13,092",34.507,2006-03-24,7.4,"1920년 아일랜드. 젊은 의사 데이미언은 런던의 병원에 일자리를 얻지만, 아일랜드인에 대한 영국 군대의 횡포를 목격하고 형 테디와 연인 시네이드 그리고 친구들과 함께 아일랜드의 독립운동에 뛰어든다. 그리고 마침내 영국과 평화조약을 맺게 된 아일랜드, 그러나 일부 지역 자치만 허용한다는 영국의 발표에 데이미언은 형 테디와 심한 대립 관계에 놓이게 되고 연인 시네이드와의 애정 관계마저 이상이 생기는데… 조국의 자유를 위해 형과 사랑하는 연인과의 위기를 맞"
프리스테이트,프리 스테이트,"['매튜 맥커너히', '케리 러셀', '구구 바샤-로']",113,게리 로스,15세 관람가,"['액션', '전쟁', '드라마']",[],34.503,2016-06-24,6.6,"남북전쟁이 한창이던 어느 날 남부군의 뉴튼(매튜 맥커너히)은 지주들의 배만 불리는 전쟁에 회의를 느끼고, 집으로 탈영을 하게 된다. 하지만 고향의 실정은 여전히 남부군의 약탈로 인해 참혹한 실정이었고, 뉴튼은 한 농가가 약탈 당하는 것을 본 후 그들에게 대항을 결정하게 된다.  탈영병이던 그의 행동은 곧바로 군의 추격을 불러왔고, 뉴튼은 인근 늪지대로 피해 다른 흑인 탈주자들과 함께 생활을 하게된다. 그러다가 점점 뉴튼이 있는 캠프는 탈영병들과 남부군에"
브레이크스루,브레이크스루,"['토퍼 그레이스', '크리시 메츠', '조쉬 루카스']",[],록산느 더우손,PG,['드라마'],[],34.382,2019-04-11,6.7,
반지의 제왕: 두 개의 탑,반지의 제왕: 두 개의 탑,"['일라이저 우드', '이안 맥켈런', '비고 모텐슨']",235,피터 잭슨,12세 관람가,"['판타지', '모험', '액션']",[],34.381,2002-12-18,8.3,"9명의 반지원정대는 사우론의 세력에 맞서 반지를 지켜냈지만 반지 원정대는 뿔뿔이 흩어지게 된다. 메리와 피핀을 구하기 위해 우르크하이 군대를 추격하던 아라곤과 레골라스, 김리는 유령 숲에서 백색의 마법사로 부활한 마법사 간달프를 만나게 되고 사우론이 암흑세계의 두 개의 탑을 통합하여 점점 그 세력을 넓혀가고 있다는 사실을 듣게 된다. 이에 아라곤과 원정대는 중간계의 선한 무리의 통합을 이뤄 사우론의 세력을 견제해야 하는 큰 임무를 맡게 된다. 하지만 원"
바이스,바이스,['크리스찬 베일'],132,아담 맥케이,15세 관람가,['드라마'],"135,895",34.289,2018-12-25,7.1,"대기업의 CEO에서 펜타곤 수장을 거쳐 미국 부통령까지 오른 딕 체니(크리스찬 베일). 재임 시절, 보이지 않는 이면에서 그가 내린 결정들은 세계의 흐름을 바꿔 버리고 뒤바뀐 역사는 다시는 회복될 수 없는 시간에 묻혀버렸다. 이제 그가 바꾼 글로벌한 역사의 변곡점들을 추적한다."
메이즈 러너,메이즈 러너: 데스 큐어,"['딜런 오브라이언', '토마스 생스터', '카야 스코델라리오']",143,웨스 볼,12세 관람가,"['액션', 'SF', '스릴러']","2,299,751",34.239,2014-09-10,7.1,"삭제된 기억, 거대한 미로로 둘러싸인 낯선 공간  모든 기억이 삭제된 채 의문의 장소로 보내진 ‘토마스’(딜런 오브라이언).  ‘토마스’는 미로에 갇힌 그곳에서 자신과 같은 상황의 사람들을 만난다.  그들은 매일 밤 살아 움직이는 미로에서 정체를 알 수 없는 죽음의 존재와 대립하며,  지옥으로부터 빠져나갈 탈출구인 지도를 완성해 나간다.  그러던 어느 날, 미로의 문이 열리고 그들은 마지막 선택의 기로에 놓이게 되는데…"
구스범스,구스범스: 몬스터의 역습,"['웬디 맥렌던 커비', '매디슨 아이스먼', '제레미 레이 테일러']",90,아리 산델,12세 관람가,"['판타지', '모험']","25,857",34.228,2015-08-05,6.2,"책 속에 갇혀 있던 몬스터들이 깨어난다!  뉴욕에서 작은 마을로 이사 오게 된 잭(딜러 미네트)은 첫 날부터 옆집 소녀 헤나(오데야 러쉬)에게 호감을 느낀다. 하지만 전세계 베스트셀러 ‘구스범스’의 작가인 헤나의 아버지 스타인(잭 블랙)은 무언가를 숨기려는 듯 자신들의 집에 얼씬거리지 말라며 경고한다. 어느 날, 헤나의 비명 소리를 듣게 된 잭은 절친 챔프(라이언 리)를 불러 몰래 잠입하고, 그곳에서 자물쇠로 잠겨 있는 베스트셀러 소설 ‘구스범스’ 책들"
배트맨: 다크 나이트 리턴즈 파트1,[],[],[],[],[],[],[],34.128,2012-09-06,7.7,"다시 거리로 향하는 50대 브루스 웨인 냉전의 1980년대, 배트맨이 사라진 고담 시는 그야말로 아비규환이다. 뮤턴트 갱이 도시를 점거하여 일반 시민과 경찰 당국을 위협하고, 위험천만한 범죄자 투페이스는 새 얼굴을 얻어 출소한다. 이어 배트맨의 가장 큰 숙적 조커가 다시금 세상으로 나오며, 미국의 반대편 소련의 위협까지 덮쳐 온다. 50대가 된 브루스 웨인은 그의 또 다른 자아, 배트맨을 오랫동안 묻어 둔 상태. 세상일에 관여하지 않은 채 노후를 맞이하"
텍사스 전기톱 연쇄살인사건 3D,[],[],[],[],[],[],[],34.117,2013-01-03,5.3,"1974년에 일어난 첫번째 전기톱 대학살 사건 후, 소이여 가족을 의심한 마을 사람들은 그 집을 태워 소이여 가족 사람들을 모두 죽인다. 몇십년 후, 헤더라는 여성은 자신이 할머니로부터 텍사스의 땅을 물려받았다는 사실을 알게 된다. 헤더는 친구들과 함께 그녀의 뿌리를 찾아 텍사스로 간다. 그곳에서 그녀는 자신이 물려받은 집의 지하에 숨은 공포스러운 진실을 마주하게 되는데…"
위플래쉬,위플래쉬,"['마일즈 텔러', 'J.K. 시몬스']",106,데이미언 셔젤,15세 관람가,['드라마'],"1,589,048",34.075,2014-10-10,8.4,"최고의 드러머가 되기 위해서라면 무엇이든 할 각오가 되어있는 음악대학 신입생 앤드류는 아무도 없는 지하실에서 혼자 드럼을 연습하던 중 우연한 기회로 누구든지 성공으로 이끄는 최고의 실력자이지만, 또한 동시에 최악의 폭군인 플렛처 교수에게 발탁되어 그의 밴드에 들어가게 된다. 설레는 마음으로 참가한 첫 연습에서, 그는 플렛처 교수의 진짜 얼굴을 마주치게 된다. 폭언과 학대 속에 좌절과 성취를 동시에 안겨주는 플렛처의 지독한 교육방식은 천재가 되길 갈망하는"
디트로이트,디트로이트,"['존 보예가', '안소니 마키', '윌 폴터']",143,캐서린 비글로우,15세 관람가,['스릴러'],"22,841",34.018,2017-07-28,7.3,"흑인과 백인 사이의 인종간 대립이 심화되던 1967년 디트로이트의 7월 더운 여름날 밤. 백인 경찰이 무허가 술집을 단속하면서 손님을 모조리 체포하는 일이 일어난다. 항의시위가 일어나고, 시위는 대규모 폭동으로 번진다. 디트로이트는 멈출 줄 모르는 시민들의 폭동과 약탈 범죄, 그리고 경찰의 무자비한 진압 속에서 이틀째 혼란을 겪고 있다. 1992년 LA 폭동 전까지 사상 최대, 최악의 폭동 사태 가운데 하나로 꼽히는 사건인 디트로이트 폭동을 다룬 이 영"
더 프레데터,더 프레데터,"['보이드 홀브룩', '올리비아 문', '트래반트 로즈']",108,셰인 블랙,청소년 관람불가,"['SF', '액션', '스릴러']","170,878",33.959,2018-09-05,5.2,다른 종의 DNA를 이용해 더욱 영리하고 치명적으로 진화한 외계 빌런 ‘프레데터’. 더욱 무자비해진 그의 등장으로 지구는 위협에 휩싸이게 된다. 특수 부대원 출신 ‘퀸’(보이드 홀브룩)은 비밀 정부 미션에 참여 중인 진화생물학자 ‘케이시’(올리비아 문)를 만나게 되고 범죄 전력이 있는 전직 군인들과 함께 ‘프레데터’에 맞서 생존을 위한 사투를 벌이게 되는데…
토니 에드만,토니 에드만,"['산드라 휠러', '페테르 시모니슈에크']",162,마렌 아데,청소년 관람불가,['드라마'],"14,779",33.908,2016-07-14,7.1,"농담에 장난은 기본, 때론 분장까지 서슴지 않는 괴짜 아버지가  인생의 재미를 잃어버린 커리어우먼 딸을 찾아오면서 벌어지는 드라마."
다크 나이트 라이즈,다크 나이트 라이즈,"['크리스찬 베일', '마이클 케인', '게리 올드만']",164,크리스토퍼 놀란,15세 관람가,"['액션', '범죄', '스릴러']","6,399,304",33.902,2012-07-16,7.7,"배트맨이 조커와의 대결을 끝으로 세상에서 모습을 감춘 8년 후, 하비 덴트의 죽음에 대한 책임을 떠안은 배트맨은 모든 것을 희생하며 떠난다. 범죄방지 덴트법으로 인해 한동안 평화가 지속되던 고담시의 파멸을 예고하며 나타난 마스크를 쓴 잔인한 악당, 최강의 적 베인이 등장한다. 베인은 배트맨이 스스로 택한 유배 생활에 종지부를 찍게 하지만, 다시 돌아온 배트맨에게 베인은 만만한 상대가 아니다. 자신을 거부한 사람들의 고통을 지켜볼 것인가, 정의의 수호자로"
위아 유어 프렌즈,위아 유어 프렌즈,"['잭 에프론', '에밀리 라타이코프스키']",96,맥스 조셉,청소년 관람불가,"['드라마', '멜로/로맨스']","37,853",33.877,2015-08-26,6.3,"오늘 밤, 심장의 BPM이 날뛴다!  최고의 DJ를 꿈꾸며 자신만의 방식대로 클럽 공연을 하고 있는 '콜'은 어느 날, 잘나가는 DJ '제임스'와 그의 여자친구 '소피'를 만나게 된다.  ‘콜’의 재능을 눈여겨본 '제임스'의 아낌없는 지원 덕분에 그의 인생은 180도 화끈한 반전을 맞이하게 되지만, 함께하는 시간이 길어질수록 ‘소피’에게 향하는 자신의 마음을 감출 수 없어 괴로워한다. 설상가상 절친들과도 점차 멀어지게 되면서 ‘콜’은 선택의 기로에 놓이"
스타워즈: 깨어난 포스,스타워즈: 깨어난 포스,"['데이지 리들리', '존 보예가', '오스카 아이삭']",135,J.J. 에이브럼스,12세 관람가,"['액션', '모험', '판타지']","3,273,873",33.681,2015-12-15,7.4,"2번째 데스 스타가 파괴되고 다스 베이더가 사망한 지 약 30년 후,  마지막 남은 제다이인 루크 스카이워커가 사라졌다. 몰락한 은하 제국으로부터 일어난 퍼스트 오더는 루크와 공화국을 찾아내 제거하려 한다. 공화국과 루크의 쌍둥이 여동생 레이아 오르가나가 이끄는 저항군은 퍼스트 오더를 저지하고 루크의 도움을 받기 위해 루크를 찾는다. 저항군 최고의 파일럿 포 다메론은 자쿠 행성의 마을 장로를 만나 루크가 있는 장소의 지도를 얻는다. 카일로 렌이 이끄는 "
아틱,아틱,"['매즈 미켈슨', '마리아 델마 스마라도티르']",98,조 페나,12세 관람가,['드라마'],"매즈 미켈슨, 마리아 델마 스마라도티",33.663,2018-07-26,6.2,"비행기 추락 사고 이후, 북극에 조난된 ‘오버가드(매즈 미켈슨)’는 언젠가는 구조될 날이 올 것을 믿고 기다린다. 그는 매일 정해진 시간에 무전을 치고, 북극의 지형을 조사하고, 송어를 잡고, 죽은 동료의 무덤에 가서 인사를 한다. 그러던 어느 날, 추락한 헬기 속 생존자를 발견한다. 심각한 부상으로 인해 이대로 구조를 기다릴 수는 없고, 자칫 이동하면 함께 위험해질 수 있는 상황… 하지만 홀로 지내면서 잊고 있었던 생명의 온기. 그녀를 살리기 위해, "
네 무덤에 침을 뱉어라 2,네 무덤에 침을 뱉어라 2,"['젬마 달렌더', '조 앱솔롬', '알렉산다 알렉시브']",106,스티븐 R. 먼로,청소년 관람불가,"['범죄', '공포', '스릴러']",[],33.631,2013-08-25,6.1,"모델을 꿈꾸는 케이티는 고액의 프로필 사진 촬영 비에 낙심하고 있던 중, 무료로 사진을 촬영해 준다는 전단지를 발견하고 스튜디오를 찾아가 촬영을 하지만 사진 작가 ‘이반’이 노출을 요구하자 거절하고 집으로 돌아온다. 그녀에게 한 눈에 반한 사진 작가의 동생 ‘조지’는 원본 프로필 사진을 전해주러 왔다며 그녀의 집에 찾아와 그녀를 겁탈한다. 뒤처리를 하기 위해 달려온 형 ‘이반’과 ‘닉’은 그녀를 상자 속에 넣어 자신들의 지하 창고로 데려가 더욱 잔인한 "
빅 히어로,빅 히어로,"['다니엘 헤니', '라이언 포터', '스콧 애짓']",108,돈 홀,전체 관람가,"['애니메이션', '액션', '코미디']","2,801,949",33.572,2014-10-24,7.8,천재 공학도 ‘테디’가 개발한 힐링로봇 ‘베이맥스’!  ‘테디’의 동생이자 로봇 전문가인 ‘히로’는 도시가 파괴될 위기에 처하자 ‘베이맥스’를 슈퍼히어로로 업그레이드 하는데… 과연 이들은 도시의 위험을 막아낼 수 있을까?
어메이징 닌자,어메이징 닌자,"['페이지 터코', '데이비드 워너', '어니 리예스 주니어']",88,마이클 프레스만,전체 관람가,"['액션', '모험', '코미디']",[],33.535,1991-03-22,6,"에이프릴의 방송을 보던 중, 거북이들은 자신들이 태어나게 된 원인에 대해서 알 수 있는 단서를 얻는다. 그리고 거북이들은 사부인 스플린터의 말에 따라 그것의 원인이 되었던 TGRI를 찾아가 그 물질을 손에 넣으려 하지만 실패하고, 자신들의 근원에 대해 알 수 있는 것을 놓쳐 낙심하게 된다. 그러던 중 피자배달부인 케노 덕분에 더 풋의 본거지를 알게 되고 그곳을 찾아가는 데, 그곳에서 생각지도 못한 인물을 만나게 되는데..."
트리플 프런티어,[],[],[],[],[],[],[],33.447,2019-03-06,6.2,"마약왕의 돈을 훔치기 위해 다시 뭉친 전직 공수특전단 요원들. 왕년의 실력을 발휘하지만, 예상치 못한 위기가 닥친다. 의리마저 흔들리는 그들, 무사히 해낼 수 있을까."
15분,15분,"['로버트 드 니로', '에드워드 번즈']",120,존 허즈펠드,청소년 관람불가,"['범죄', '스릴러', '액션']",[],33.43,2001-03-01,5.7,"감옥에서 출소하자마자 예전 동료에게서 간단히 분담금만을 받으려 유럽에서 미국으로 날아온 범죄자 에밀과 올렉. 특히 올렉은 영화 감독이 오랜 꿈. 뉴욕에 도착하자마자 캠코더 한 대를 훔친다. 곧이어 둘은 동료를 찾아가지만 그에겐 에밀과 올렉에게 줄 돈이 바닥이 난 상태. 흥분한 에밀이 동료를 살해하고, 올렉은 캠코더를 통해 탐욕적이고 호기심 가득 찬 시선으로 캠코더에 모든 상황이 숨가쁘게 담겨지는데.  '피플'지를 장식했던 뉴욕의 저명한 형사 에디와 내성"
엑소더스: 신들과 왕들,엑소더스: 신들과 왕들,"['크리스찬 베일', '조엘 에저튼']",154,리들리 스콧,12세 관람가,['드라마'],"1,511,845",33.361,2014-12-03,5.7,"인간이 신처럼 군림하던 시대, 이집트 왕국에서 형제와도 같이 가깝게 자란 모세스와 람세스. 전차에서 낙마한 람세스를 모세가 목숨을 걸고 구해날 정도로 둘의 우애는 깊었지만, 생지옥 같은 노예들의 삶을 목격하고 이에 분노하게 된 모세스는 스스로를 태양신 라의 화신이라 믿는 제국의 왕 람세스와 정면으로 맞서게 된다. 이집트의 동쪽으로 추방당하며 겪은 여정에서 신비한 소년을 만나게 되는 모세스. 결국 자신이 400년간 억압받던 노예들을 이끌 운명임을 깨닫게 "
빅토리아,빅토리아,"['라이라 코스타', '프레더릭 라우']",140,세바스티안 쉬퍼,[],['스릴러'],[],33.259,2015-06-11,7.8,"베를린에 사는 스페인 여자, 빅토리아는 어느 날 클럽에서 남자를 만난다. 그와의 시간은 갑자기 남자의 친구들이 숨긴 위험한 비밀이 밝혀지면서 위험한 순간으로 돌변한다."
Herbie Fully Loaded,[],[],[],[],[],[],[],33.21,2005-06-22,5.3,
머나먼 다리,머나먼 다리,"['더크 보거드', '제임스 칸', '마이클 케인']",176,리차드 아텐보로,PG,"['액션', '드라마', '전쟁']",[],33.095,1977-06-15,7.2,"과 함께 가장 야심만만한 전쟁 영화 대열에 낀다. 조연과 엑스트라의 이름을 모두 써넣을 수 없을 정도로 엄청난 인원이 동원되었다. 전쟁 영화를 좋아하는 사람들은 틀림없이 만족해 할 작품이다. 제2차 세계대전 중 연합군이 참패한 실제 이야기다. 아이젠하워는 독일 국경과 연결되는 여섯 개의 다리를 확보하기 위해 군대를 파견하지만 날씨, 작전의 오류 등으로 인해 수많은 인명만 희생된 채 작전은 실패로 끝나고 만다."
로보캅 3,로보캅 3,"['로버트 존 버크', '낸시 알렌', '질 헤네시']",104,프레드 덱커,15세 관람가,"['SF', '액션', '범죄']",[],32.977,1993-04-17,4.5,"가까운 미래의 디트로이트, 국제협력단체 OCP는 도시를 장기 계획하에 슈퍼 메트로폴리스, 즉 델타 시티로 건설할 계획으로 한 구역을 전쟁 구역으로 만들어버린다. 그러나 헌신적인 순찰경이었으나 순직 후 사이보그로 개조되어 악과 대항하는 임무를 담당하고 있는 로보캅은 무고한 시민을 보호하려 한다.  로보캅은 순진무구한 아이들의 도움까지 받아가면서 난민들과 함께 반란군을 조직하여 악과 대항하면서 그가 잊고 있었던 인간의 감정이 되살아나기 시작한다. 반란 시민"
제임스와 거대한 복숭아,제임스와 거대한 복숭아,"['조안나 럼리', '미리암 마고리스', '피트 포스틀스웨이트']",79,헨리 셀릭,전체 관람가,"['애니메이션', '모험', '가족']",[],32.966,1996-04-12,6.4,"바닷가 작은 마을에서 엄마, 아빠와 행복하게 살고 있던 어린 소년 제임스. 아빠는 제임스의 생일날 곧 이사가게 될 뉴욕의 사진을 보여주며 행복해한다. 그러나 제임스의 부모는 동물원을 탈출한 코뿔소에게 사고를 당하고, 졸지에 고아가 된 제임스는 이모들에게 맡겨진다. 제임스의 이모 스파이커와 스폰지는 신데렐라의 계모를 능가할 정도의 고약한 심술꾼들. 이모들은 어린 제임스에게 힘든 집안 청소에서부터 온갖 잡일을 시키며 제임스를 괴롭힌다. 이모들의 학대에 힘들"
성난 군중으로부터 멀리,성난 군중으로부터 멀리,"['캐리 멀리건', '톰 스터리지', '마티아스 쇼에나에츠']",119,토마스 빈터베르그,15세 관람가,['드라마'],[],32.955,2015-04-23,7,"1870년 런던 외곽의 도시, 독립적인 여성 바스셰바 에버딘(캐리 멀리건)은 성실한 양치기 가브리엘(마티아스 쇼에나에츠)의 청혼을 거절한다. 그 후 삼촌의 웨더버리 농장을 유산으로 물려받은 바스셰바는 직접 농장을 관리하고, 양치기 개들의 실수로 파산한 가브리엘은 그녀의 농장에 양치기로 고용된다. 어느 날, 바스셰바는 장난 삼아 보낸 카드 때문에 부유한 농장주 볼드우드(마이클 쉰)의 구애를 받게 된다. 가브리엘은 그녀가 볼드우드의 마음을 농락했다면서 언짢"
블러드 파더,블러드 파더,"['멜 깁슨', '에린 모리아티']",88,장-프랑소와 리셰,15세 관람가,"['액션', '범죄', '드라마']",[],32.885,2016-08-11,6.1,교도소를 들락거리며 인생을 낭비한 존. 보호관찰 중인 존은 이제라도 범죄와 술로 낭비한 삶을 되찾기 위해 알코올 중독 치료를 병행하며 타투리스트로 살고 있다. 그러던 어느 날 오랫동안 연락을 끊고 살았던 딸 리디아에게 전화가 온다. 마약 판매상인 남자친구를 향해 실수로 총을 쏘고 도망자 신세가 된 것. 딸을 지켜내기 위해 함께 도망친 존은 달아날수록 경찰과 마약조직의 끈질긴 추격에 쫓기게 되는데…
무한대를 본 남자,무한대를 본 남자,"['데브 파텔', '제레미 아이언스']",108,맷 브라운,12세 관람가,['드라마'],"33,315",32.869,2016-04-08,7.2,머릿속에 그려지는 수많은 공식들을 세상 밖으로 펼치고 싶었던 인도 빈민가의 수학 천재 ‘라마누잔’.  그의 천재성을 알아본 영국 왕립학회의 괴짜 수학자 ‘하디 교수’는  엄격한 학교의 반대를 무릅쓰고 케임브리지 대학으로 ‘라마누잔’을 불러들인다.  성격도 가치관도 신앙심도 다르지만 수학에 대한 뜨거운 열정으로 함께한 두 사람은  모두가 불가능이라 여긴 위대한 공식을 세상에 증명하기 위해 무한대로의 여정을 떠나는데…  역사상 가장 지적인 브로맨스가 시작된
비터 문,비터 문,"['휴 그랜트', '크리스틴 스콧 토머스']",139,로만 폴란스키,청소년 관람불가,['드라마'],[],32.848,1992-09-02,7,"나이젤(Nigel : 휴 그랜트 분)과 휘요나(Fiona : 크리스틴 스콧 토마스 분)는 영국인 부부로 서로의 사랑을 확인하면서 지중해를 여행중이다. 그러던 어느날, 나이젤에게 휠체어에 탄 중년 남자가 접근한다. 그는 오스카(Oscar : 피터 코요테 분)라는 미국인 작가로, 빠리에 살면서 집필을 하고 있었다. 오스카도 아내인 미미(Mimi : 엠마뉴엘 세이너 분)와 여행을 하고 있었다. 오스카는 나이젤을 초대해, 자신의 이야기를 들려주는데... 현실감"
엔들리스 러브,엔들리스 러브,"['알렉스 페티퍼', '가브리엘라 와일드', '라이스 웨이크필드']",104,샤나 페스트,15세 관람가,"['드라마', '멜로/로맨스']","22,091",32.826,2014-02-12,6.8,"졸업식 날 운명적으로 마주한 제이드(가브리엘라 와일드)와 데이빗(알렉스 페티퍼)은 서로를 향한 강한 끌림을 느낀다. 제이드는 데이빗을 통해 그 동안 느껴보지 못한 자유로움과 가슴 뛰는 사랑에 거침없이 빠져들고, 데이빗은 순수한 제이드에게 매료되어 그녀에게 진정한 사랑이 무엇인지 알게 해 준다.  한편, 제이드의 아버지는 모든 것을 내던지고 빠져드는 이들의 사랑을 경계하고,  데이빗과 함께하는 바로 이 순간의 사랑을 놓고 싶지 않은 제이드는 중대한 결심을"
시크릿 인 데어 아이즈,시크릿 인 데어 아이즈,"['치웨텔 에지오포', '니콜 키드먼', '줄리아 로버츠']",111,빌리 레이,15세 관람가,"['미스터리', '스릴러']","21,692",32.798,2015-10-14,6.3,LA 지방검사실에 파견된 FBI 수사관 레이는 파트너 제스의 10대 딸이 잔인하게 살해되자 연방 검사와 팀을 이뤄 살인범을 잡으려고 합니다. 하지만 살인범이 진행중인 테러 수사와 관련하여 보호를 받는다는 사실을 알며 수사는 암초에 부딪치는데...
A Goofy Movie,[],[],[],[],[],[],[],32.772,1995-04-07,6.9,
맵 투 더 스타,맵 투 더 스타,"['줄리안 무어', '미아 와시코브스카', '사라 가돈']",111,데이빗 크로넨버그,청소년 관람불가,"['미스터리', '드라마']","6,525",32.761,2014-05-21,6,"그녀가 찾아온 후… 모든 것이 흔들리기 시작했다.  어느 날 지도 한 장을 들고 홀연히 할리우드에 나타난 미스터리 소녀 ‘애거서’. 그녀가 여배우의 매니저 일을 하기 위해 할리우드에 나타난 후 모든 이들과 실타래처럼 엮이면서 그들의 비밀이 수면 위로 떠오르기 시작한다. 이번 배역만은 꼭 따내야 하는 위기의 여배우 ‘하바나’, 최고의 아역스타였지만 이제는 한물간 ‘벤지’와 그의 부모, 할리우드 스타를 꿈꾸는 렌트카 운전 기사 ‘제롬’. 그들과 ‘애거서’의"
더 넌,더 넌,"['타이사 파미가', '데미안 비쉬어', '보니 아론스']",96,코린 하디,15세 관람가,"['공포', '미스터리', '스릴러']","1,011,580",32.75,2018-09-05,5.6,루마니아의 젊은 수녀가 자살하는 사건을 의뢰 받아 바티칸에서 파견된 버크 신부와 아이린 수녀가 수녀원을 조사하면서 충격적인 악령의 실체와 만나게 되는 이야기를 그린다.
팝스타: 네버 스탑 네버 스토핑,론리아일랜드의 팝스타,"['이모겐 푸츠', '앤디 샘버그', '마틴 쉰']",86,아키바 쉐퍼,R,['코미디'],[],32.725,2016-06-03,6.6,"팝 슈퍼스타, 코너포리얼은 자신의 새 앨범 판매성적이 부진하자 대형 사고를 치고! 자신의 셀렙 라이프가 무너져내리는 걸 지켜본다. 재기를 위해 뭐든지 하려고 하지만, 단 한가지, 예전에 같이 활동했던 랩 그룹 스타일 보이즈의 재결성만은 하지 않으려 한다."
스쿠비 두 2 - 몬스터 대소동,스쿠비 두 2 - 몬스터 대소동,"['프레디 프린즈 주니어', '사라 미셸 겔러']",93,라자 고스넬,전체 관람가,"['액션', '모험', '코미디']","18,954",32.722,2004-03-24,5.6,"정체불명의 악당 마스크맨이 미스터리 주식회사가 제거했던 익룡, 흑기사, 타르, 좀비, 1만볼트 몬스터 등을 몬스터 제조기를 이용해 재창조해 쿨스빌을 습격한다. 갑작스런 몬스터들의 등장으로 대외 신용도가 급격히 추락한 미스터리 주식회사는 냉혹한 TV 리포터 헤더 재스퍼-하우(알리시아 실버스톤)와 쿨스빌 시민들의 성화에 떠밀려 사건 수사에 착수하게 된다.  한편, 사고커플 섀기(매튜 리라드)와 스쿠비는 자신들 역시 명탐정이라는 사실을 입증하기 위해 단 둘이"
헌터 킬러,헌터 킬러,"['제라드 버틀러', '게리 올드만']",121,도노반 마시,15세 관람가,"['액션', '스릴러']","56,942",32.693,2018-10-19,6.3,"미 국방부는 격추당한 잠수함의 행방을 찾기 위해 ‘헌터 킬러’를 극비리에 투입시키고 캡틴 ‘글래스’(제라드 버틀러)는 배후에 숨겨진 음모가 있음을 알게 된다. 한편, 지상에서는 VIP가 납치되어 전세계는 초긴장 상태에 놓이게 되는데…  일촉즉발 위기상황, VIP를 구출하라!  단 한 척의 공격 잠수함 ‘헌터 킬러’와 최정예 특수부대 네이비 씰의 숨막히는 육해공 합동 작전이 펼쳐진다!"
하드 타겟,하드 타겟,"['장 끌로드 반담', '척 파럴']",97,오우삼,청소년 관람불가,"['액션', '스릴러']","장 끌로드 반담, 척 파럴, 얀시 버틀",32.645,1993-08-20,6.1,20년만에 아버지를 찾아온 넷 빈던(Binder: 척 패러 분)는 아버지가 어머니와 이혼한 후 부랑자로 거리에 살았으며 얼마전 실종된 것을 알아낸다. 도시를 잘 아는 사람을 고용해 아버지를 찾아보라는 형사의 충고에 따라 전직 해병정찰대원이었고 지금은 특정한 일자리가 없는 챈스(Chance Boudreaux: 쟝-끌로드 반담 분)를 우연히 만나게 되어 그를 안내인으로 고용한다. 부친을 찾던 둘은 화재사건으로 부친이 죽었다는 소식을 듣지만 챈스가 빈더의 구
돈 세이 워드,돈 세이 워드,['마이클 더글라스'],112,게리 플레더,15세 관람가,"['스릴러', '범죄']",[],32.642,2001-09-28,6.1,"1991년 뉴욕, 여섯 명의 범죄자가 은행에 침입한다. 그들이 노리는 것은 천만 달러짜리 레드 다이아몬드. 아슬아슬하게 범죄에 성공해 차를 출발시킨 순간, 리더 패트릭은 공범자 버로우가 다이아몬드를 바꿔치기 한 사실을 알게 된다. 패트릭의 눈이 증오로 이글거린다.  2001년 뉴욕. 정신과 의사 네이선은 긴급 호출을 받는다. 십 년 간 정신병원에 입원해 있었던 엘리자베스가 남자 간호사를 난자하는 일이 생기자, 그녀를 진단하기 위해 호출된 것. 첫 만남,"
단지 세상의 끝,단지 세상의 끝,"['나탈리 베이', '뱅상 카셀', '마리옹 꼬띠아르']",99,자비에 돌란,15세 관람가,['드라마'],"31,604",32.627,2016-08-26,7.3,"시한부 선고를 받은 유명 작가 루이(가스파르 울리엘)는 자신의 죽음을 알리기 위해 고향을 떠난 지 12년 만에 집을 찾는다. 아들을 위해 정성껏 요리를 준비한 어머니(나탈리 베이), 오빠에 대한 환상과 기대로 예쁘게 치장한 여동생 쉬잔(레아 세이두), 못마땅한 표정으로 동생을 맞이하는 형 앙투안(뱅상 카셀), 그리고 처음으로 루이와 인사를 나누는 형수 카트린(마리옹 꼬띠아르)까지. 시끌벅적하고 감격적인 재회도 잠시, 가족들은 루이의 고백이 시작되기도 전"
창문넘어 도망친 100세 노인,창문넘어 도망친 100세 노인,"['로버트 구스타프슨', '이와 위클란더']",114,플렉스 할그렌,15세 관람가,"['모험', '코미디', '드라마']","241,602",32.62,2013-12-25,6.8,"알란’s 10대 폭탄 제조의 달인으로 남다른 능력을 보유.  알란’s 20대 폭탄 실험 중 실수로 이웃 식료품 가게 주인 사망.  위험인물로 분류, 정신병원에 수감되어 생체실험 감행, 남성적 기능(?) 상실.  알란’s 30대 스페인 내전 참전. 폭탄 실험 중 우연히 지나가던 파시스트 프랑코의 목숨을 구하며 그의 최측근으로 영웅 등극.  알란’s 40대  미국 원자폭탄 프로젝트인 맨해튼 프로젝트의 치명적 결함 우연히 해결.  제2차 세계대전을 종결시키며"
체인 리액션,체인 리액션,"['키아누 리브스', '모건 프리먼']",106,앤드루 데이비스,15세 관람가,"['액션', '스릴러', '드라마']",[],32.619,1996-08-02,5.5,"시카고 대학 실험실. 과학자와 기술자들이 세계를 뒤흔들어 놓을 과학적 성공을 이룩해낸다. 수년간 땀을 쏟으며 끈질기게 연구에 몰두한 결과, 이들은 물을 원료로 사용하여 에너지 고갈을 염려할 필요가 없을만큼 무한정으로 생산해낼 수 있는 에너지이자 공해율 0%인 무색 무취의 강력한 에너지를 생산해낸다. 이들의 실험이 성공하던 날, 대학생 기술자 애디 카살리비치(Eddie Kasalivich: 키아누 리브스 분)와 릴리 싱클레어(Dr. Lily Sinclai"
쇼생크 탈출,쇼생크 탈출,"['팀 로빈스', '모건 프리먼']",142,프랭크 다라본트,15세 관람가,['드라마'],[],32.612,1994-09-23,8.7,"촉망받는 은행 간부 앤디 듀프레인(팀 로빈슨)은 아내와 그녀의 정부를 살해했다는 누명을 쓴다. 주변의 증언과 살해 현장의 그럴듯한 증거들로 그는 종신형을 선고받고 악질범들만 수용한다는 지옥같은 교도소 쇼생크로 향한다. 인간 말종 쓰레기들만 모인 그곳에서 그는 이루 말할 수 없는 억압과 짐승보다 못한 취급을 당한다. 그러던 어느 날, 간수의 세금을 면제받게 해 준 덕분에 그는 일약 교도소의 비공식 회계사로 일하게 된다. 그 와중에 교도소 소장은 죄수들을 "
주키퍼스 와이프,주키퍼스 와이프,"['제시카 차스테인', '다니엘 브륄']",126,니키 카로,12세 관람가,"['드라마', '전쟁']","11,888",32.586,2017-03-31,7.4,"제 2차 세계대전, 폴란드 바르샤바에서 남편과 함께 동물원을 운영하던 안토니나는  독일의 유대인 학살이 심해지자 그들을 비밀리에 빼내어 동물원에 숨겨주기 시작한다.  사라져가는 동물들, 그 곳에 채워지는 유대인들, 그리고 매일 아침 찾아오는 독일군들.  그녀는 목숨을 위협하는 감시 속에서도 이 특별한 비밀작전을 포기하지 않는데…"
더 벨코 익스페리먼트,더 벨코 익스페리먼트,"['존 갤러거 주니어', '토니 골드윈', '아드리아 아르조나']",88,그렉 맥린,R,"['액션', '공포', '스릴러']",[],32.568,2016-03-17,6.1,"80여명의 미국인들이 콜롬비아 보고타의 고층 건물에 갇혀, 건물의 사내방송을 통해 살인 게임을 수행하라는 명령을 받는다."
시티즌포,시티즌포,"['에드워드 스노든', '글렌 그린왈드']",114,로라 포이트라스,12세 관람가,['다큐멘터리'],"에드워드 스노든, 글렌 그린왈",32.553,2014-10-24,7.9,스노든이 2013년 1월 “시티즌포”라는 ID로 접촉해왔을 당시 포이트라스 감독은 2년 동안 정부 감시에 대한 영화를 작업 중이었다. 스노든은 포이트라스가 오랫동안 정부 감시 리스트에 올라 공항을 이용할 때마다 심문을 당했지만 이에 굴하지 않았다는 사실을 알았기 때문에 포이트라스에게 접근했다.  자신이 정보 기관의 수석 분석가이며 미국 국가안보국(NSA)의 미국인 대량 감시를 폭로하겠다는 뜻을 스노든이 밝히자 포이트라스는 그를 설득해 촬영을 하기로 한다
언세인,언세인,['클레어 포이'],97,스티븐 소더버그,R,"['공포', '스릴러']",[],32.548,2018-02-21,6.1,"2018년 개봉한 미국의 심리 공포, 스릴러 영화이다. 스티븐 소더버그가 감독을, 조너선 번스타인과 제임스 그리어가 각본을 맡았다."
벨빌의 세 쌍둥이,벨빌의 세 쌍둥이,"['미쉘 코크투', '장-클로드 돈다', '미쉘 로빈']",75,실뱅 쇼메,12세 관람가,['애니메이션'],"미쉘 코크투, 장-클로드 돈다, 미쉘 로빈, 모니카 바..",32.535,2003-06-11,7.4,"어른이 된 그는 [투르 드 프랑스]경기에 참여하지만 대회 도중 납치를 당한다. 강아지와 함께 사라잔 손자를 찾아나선 그의 할머니, 마담 수자. 프랑스 마피아의 근거지인 낯선 항구도시 ‘벨빌’에 도착한 그녀는 그곳에서 젊은 시절에는 배우였고 현재는 재즈그룹으로 활동하는 세 쌍둥이 자매를 만나는데…"
미션 임파서블: 폴아웃,미션 임파서블: 폴아웃,"['톰 크루즈', '헨리 카빌', '사이먼 페그']",147,크리스토퍼 맥쿼리,15세 관람가,"['액션', '모험', '스릴러']","6,584,919",32.532,2018-07-13,7.3,"에단 헌트(톰 크루즈)는 세계를 위협하는 테러 조직 신디케이트의 수장 솔로몬 레인(숀 해리스)을 우여곡절 끝에 체포했지만, 그의 잔당들은 여전히 세계 각지에서 테러를 일삼는다. 에단 헌트와 그의 팀은 테러조직의 핵무기 소지를 막기 위해 미션에 착수한다. 에단 헌트는 작전 수행 중 예상치 못한 결단을 내리게 되고, 중앙정보국 CIA는 그를 견제하기 위해 상급 요원 어거스트 워커(헨리 카빌)를 파견한다. 최악의 테러 위기와 라이벌의 출현 속, 팀이 행한 모"
킬링시즌,킬링시즌,"['로버트 드 니로', '존 트라볼타', '마일로 벤티밀리아']",91,마크 스티븐 존슨,청소년 관람불가,"['액션', '스릴러', '드라마']","9,240",32.53,2013-07-12,5.5,"애팔래치아 산맥의 외딴 오두막에 혼자 은거해 살고 있는 퇴역군인 벤자민 포드(로버트 드 니로)는  우연히 그곳을 찾은 전직 세르비아 군인 에밀 코바쉬(존 트라볼타)를 만나게 된다.  오랫동안 쌓아둔 옛 이야기들로 가까워지는 것도 잠시, 함께 나간 사냥에서 난데 없이 날아드는 화살 한 발로 18년 전 끝나지 않은 격돌이 다시 시작되게 되는데…"
베로니카 마스,베로니카 마스,"['크리스틴 벨', '제이슨 도링', '엔리코 콜라토니']",107,롭 토머스,PG-13,"['코미디', '범죄', '드라마']",[],32.516,2014-03-13,6.7,
워터 호스,워터호스,"['알렉스 에텔', '에밀리 왓슨']",111,제이 러셀,전체 관람가,"['모험', '가족', '판타지']","105,918",32.469,2007-12-25,6.4,"2차세계대전 시기 스코틀랜드.. 호기심 많은 소년 앵거스는 네스 호 주변에서 신비로운 알을 발견한다. 무언가에 이끌리듯 그 신비의 알을 집으로 가져오게된 앵거스. 밤사이 알이 부화하여 전설속의 괴물이 태어나고 앵거스는 ""크루소""라고 이름을 지어부르며 몰래 키우기 시작한다. 앵거스와 크루소는 둘도 없는 친구가 되어가지만 놀라운 속도로 성장하는 크루소를 더이상 집에서 키울수 없게 된다. 앵거스는 어쩔수 없이 크루소를 네스 호로 보내고 사람들로부터 크루소를 "
원초적 본능 2,원초적 본능 2,"['샤론 스톤', '데이비드 모리시']",113,마이클 카튼-존스,청소년 관람불가,"['스릴러', '범죄', '미스터리']","313,310",32.44,2006-03-29,4.7,"존경 받는 런던의 정신과 의사, 마이클 글리스박사(데이비드모리시분). 그의 앞에 약혼자를 살인한 용의자로 의심 받는 매혹적인 여자 캐서린트라멜(샤론스톤분)이 나타난다. 그는 그녀의 뇌쇄적인 매력 뒤에 치명적인 위험이 도사리고 있음을 직감하지만, 이미 몸과 마음이 격정적으로 끌리게 된다. 그러나 그녀에게 빠져들수록, 주변 사람들이 하나씩 살해되기 시작하고. 궁지에 몰린 그는 캐서린 트라멜과 원초적 본능을 둘러싼 치명적인 두뇌 싸움을 시작한다."
썸원 그레이트,[],[],[],[],[],[],[],32.43,2019-04-19,6.7,"음악에 살고 음악에 죽는 제니(지나 로드리게스). 드디어 꿈에 그리던 음악 잡지 《롤링스톤》에 합격했다! 부푼 가슴을 안고 샌프란시스코로 떠나려 하는데, 이게 웬일? 9년 사귄 남자 친구(러키스 스탠필드)가 장거리 연애는 싫다며 이별을 선포한다. 이런 기분으로 뉴욕을 떠날 수는 없어! 아픈 마음을 달래기 위해, 절친한 친구 에린(드완다 와이즈)과 블레어(브리트니 스노)를 불러 모은 제니. 끝내주는 하루가 되도록 열정을 불태울 테다! 우정과 사랑, 그리고"
이너스페이스,이너스페이스,"['데니스 퀘이드', '마틴 숏', '멕 라이언']",110,죠 단테,PG,"['액션', '모험', '코미디']",[],32.418,1987-06-30,6.7,"자유분방한 성격의 공군 조종사 다크 펜델톤(데니스 퀘이드 분) 중위는 실리콘벨리에서 거행되는 극비 초소형화 실험 테스트의 비행선 조종사로서의 임무를 맡는다. 눈에 보이지 않을 정도로 소형화되어 잠수정을 타고 실험 대상인 흰 토끼의 내부로 투입되던 중 스크림쇼우와 마가렛 박사의 습격을 받는데, 연구소 소장인 오지는 다크가 들어있는 주사기를 들고 도망치고 잭(마틴 숏 분)의 엉덩이에 주사를 놓고 살해당한다. 잭의 몸 속에 들어간 다크은 당황해하는 잭에게 상"
리그레션,리그레션,"['엠마 왓슨', '에단 호크']",106,알레한드로 아메나바르,15세 관람가,['스릴러'],"18,057",32.361,2015-10-01,5.5,"전 세계를 미궁에 빠트린 충격 실화!  천사 같은 소녀 안젤라의 비밀을 밝혀라!  한 소녀(엠마 왓슨)가 아빠를 고발하는 사건이 발생한다. 하지만 피의자로 붙잡힌 아빠는 그 어떤 혐의도 부인하고, 사건을 담당하게 된 형사(에단 호크)는 수사를 진행할수록 두 사람의 진술이 거짓이 아님을 확신하게 된다. 피해자는 있지만 범인은 없는 사건, 그 과정에서 마을 모두가 비밀을 감추고 있음을 알게 되는데…  어긋난 욕망이 만들어낸 충격의 대반전!  안젤라의 비밀이"
세기의 매치,세기의 매치,"['토비 맥과이어', '리브 슈라이버', '피터 사스가드']",115,에드워드 즈윅,12세 관람가,['드라마'],"20,444",32.245,2015-09-16,6.7,"6세, 체스 입문  13세, 미국 체스계 제패  15세, 최연소 그랜드 마스터 타이틀 획득  체스 천재 ‘바비 피셔’의 목표는 오직 단 하나 국제무대에서 우승해 세계 정상에 등극하는 것!  이제 챔피언 자리까지 남은 사람은 단 한 명  무패 신화 체스 황제 ‘보리스 스파스키’를 넘어야만 한다!  드디어 전 세계의 시선이 집중된 역사적인 경기가 열리는 날, 마치 제 3차 세계대전을 방불케 하는 긴장감이 도는 무대 위 ‘바비 피셔’의 모습이 보이지 않는데…"
로우,로우,"['가렌스 마릴러', '엘라 룸프']",99,줄리아 듀코나우,청소년 관람불가,"['스릴러', '공포']",[],32.15,2016-11-11,7,부모와 언니까지 가족 모두가 채식주의자인 저스틴은 언니 알렉스가 다니는 대학 수의학과에 입학한다. 억지로 동물의 내장을 먹어야만 하는 혹독한 신고식 이후 저스틴은 자신도 모르게 고기에 대한 강렬한 식욕을 느끼게 되는데… 칸과 토론토의 관객들을 경악과 충격에 빠뜨렸던 줄리아 뒤쿠르노 감독의 피에 젖은 데뷔작.
2046,2046,"['장쯔이', '장첸', '기무라 타쿠야']",128,왕가위,청소년 관람불가,['드라마'],"123,062",32.137,2004-05-20,7.2,"2046, 사람들은 잃어버린 기억을 찾아 헤맨다…  첫 번째 사랑 이야기 ?  지독히 사랑했기에 다시는 사랑할 수 없는 남자와 절망적인 사랑의 열병에 빠져버린 여자  기자이자 작가인 초우(양조위)는 수리첸(장만옥)과의 기억을 되살리게 만드는 호텔 2046호에 머물려고 하지만, 그 방에선 묘령의 여인(유가령)이 스스로 목숨을 끊는 일이 발생해 할 수 없이 옆방인 2047호에 투숙하게 된다. 며칠 후, 2046호에 고급콜걸인 바이 링(장쯔이)이 투숙해 초우"
투 마더스,투 마더스,"['나오미 왓츠', '로빈 라이트', '자비에르 사무엘']",111,안느 퐁텐,청소년 관람불가,['드라마'],"71,351",32.136,2013-04-03,6.1,"어린 시절부터 자매처럼 늘 함께였던 릴(나오미 왓츠)과 로즈(로빈 라이트).  갑작스런 교통사고로 남편을 떠나 보낸 릴과 이안(자비에르 사무엘) 모자를 가족처럼 보살피는 로즈와 그녀의 아들 톰(제임스 프레체빌).  네 사람은 서로에게 없어서는 안 될 존재가 된다.  어느 날, 이안은 로즈에게 숨겨왔던 진심을 고백하고,  그녀는 매력적인 남자로 성장한 이안의 유혹을 뿌리 치지 못하고 키스를 받아들인다.  한편, 톰은 자신의 친구와 엄마의 관계를 목격한 뒤"
리핑 - 10개의 재앙,리핑 - 10개의 재앙,['힐러리 스웽크'],99,스티븐 홉킨스,15세 관람가,"['공포', 'SF', '스릴러']","656,652",32.107,2007-04-05,5.5,"가족이 비참하게 살해당한 사건을 겪은 후 종교에 대한 깊은 회의에 빠진 캐서린 윈터(힐러리 스웽크). 선교사로서의 활동을 접고 종교적인 현상을 과학적으로 증명해 명성을 얻은 그녀는 어느 날, 작은 마을에 나타난 10가지 재앙에 대한 조사를 의뢰 받는다. 마을사람들로부터 재앙의 원인으로 몰아쳐진 어린 소녀 로렌(안나소피아 롭)을 만난 후부터 캐서린은 점점 믿을 수 없는 사실들과 직면하게 된다. 그녀가 맹신하던 과학으로도 설명이 불가능하다는 걸 깨닫게 되면"
장난감이 살아있다,장난감이 살아있다,"['남도형', '김채하', '김태균']",91,후안 호세 캄파넬라,전체 관람가,"['애니메이션', '모험', '가족']","143,100",32.092,2013-07-18,6.1,"뭔가 특별한 일이 일어날 것 같은 어느 날, 눈물 한방울이 장난감에 떨어진 후 모든 것이 달라졌다. 타운에서 하나밖에 없는 테이블 축구 게임의 장난감들이 모두 깨어난 것. 캡틴 루닌, 골잡이 라면머리 날도, 쌍둥이 수비수 트윈, 음유시인 아트, 들어본 적 있는 느낌적 느낌 갓지성, 민머리 용병 레드까지.. 그런데 여긴 어디? 테이블 축구 게임기가 아닌 공원 벤치, 롤러코스터 꼭대기, 쓰레기 집합소 등 다양하고 엉뚱한 곳에서 깨어난 장난감들! 이들 앞에는"
난 지구 반대편 나라로 가버릴테야,난 지구 반대편 나라로 가버릴테야,"['벨라 손', '스티브 카렐', '제니퍼 가너']",81,미구엘 아테타,12세 관람가,"['코미디', '가족']",[],32.091,2014-10-08,6.1,"자신이 생각했을 떼 매일 운수가 나쁜 알렉산더 하루 하루 힘들게 치이면서 재내고 있다.그러나 아버지 벤, 어머니 켈리, 형 안토니, 그리고 누나 에밀리는 좋은 일만 생겨 알렉산더의 고통을 이해하지 못한다. 그러던 어느날 알렉산더는 생일날 혼자 소원을 비는데, 그 소원은 바로 가족들 모두 하루종일 불행하게 해달라는 것이다.  관연 그 소원이 정말 이루어질 수 있을지? 가족들의 엄청난 수난기"
화이트아웃,화이트아웃,['케이트 베킨세일'],101,도미닉 세나,청소년 관람불가,"['액션', '범죄', '드라마']",[],32.054,2009-09-09,5.4,"미국 연방 보안관 캐리 스테코(케이트 베킨세일)는 남극 연구시설인 아문센-스콧 기지에서 2년 째 근무 중이다. 그녀는 이제는 집으로 돌아가고 싶은 마음이 간절한 상태. 어느 날, 한 지질학자의 시체가 발견된다. 기지의 유일한 경찰이라고는 캐리 뿐. 남극 최초의 강력 범죄 살인 사건을 조사하게 된 캐리는 이 시체가 살해 당한 후, 비행기에서 던져졌을 것이라고 추측하게 된다. 하지만 남극의 겨울이 찾아오고 이제 남극 기지의 연구팀 전원이 철수해야 하는 상황"
적벽대전 1부 : 거대한 전쟁의 시작,[],[],[],[],[],[],[],31.94,2008-07-10,7.2,"위, 촉, 오 3국이 대립하던 서기 208년 중국.. 천하통일을 위해 중국대륙을 피로 물들여가던 ‘위’의 조조(장풍의)는 뛰어난 통치력과 막강한 군사력을 바탕으로 대륙의 반 이상을 차지하게 된다. 한편, 조조에게 쫓겨 퇴각에 퇴각을 거듭하던 ‘촉’의 유비군은 최후의 보루인 ‘신야성’마저 함락당하고, 손권(장첸)이 통치하는 ‘오’나라 인근 강남지역으로 피난을 떠난다. 하지만 조조에게 결코 물러서지 않겠다는 의지로 뭉친 유비군은 남은 병력으로 필사의 항쟁을"
레일웨이 맨,레일웨이 맨,"['콜린 퍼스', '니콜 키드먼', '제레미 어바인']",116,조나단 텝리츠키,15세 관람가,['드라마'],[],31.935,2013-12-26,6.9,"2차 세계대전 참전 용사이자 철도 애호가인 에릭 로맥스는 어느 날 열차에서 우연히 만난 패티라는 여인과 사랑에 빠지게 되고, 결혼에 성공한다. 그러나 행복도 잠시 전쟁의 후유증이 그를 괴롭히는데, 이에 패티는 그를 도와주기 위해 참전용사 핀레이를 찾아가 에릭의 충격적인 과거를 듣게 된다. 바로 전쟁 도중 에릭이 일본군의 포로가 되어 끔찍한 고문과 구타를 당한 것. 결국 핀레이는 힘들어하는 에릭에게 그를 고문했던 헌병대 장교 나가세의 행적을 알려주며, 복"
왕의 이름으로,왕의 이름으로 3,"['도미닉 퍼셀', '라리트사 파스칼레바', '바샤 라할']",86,우베 볼,15세 관람가,"['액션', '모험', '드라마']",[],31.88,2007-11-29,4.4,"사랑스런 아내, 아들과 함께 평범한 농부로 사는 파머(제이슨 스타뎀 분)는 어느 날 세상을 지배할 야욕에 찬 마법사 갤리언(레이 리오타 분)이 보낸 크러크 군단들이 마을을 습격하자 가족을 지키기 위해 싸우지만 아들은 죽고 아내는 납치당한다. 정복전쟁에 참가한 탓에 뒤늦게 도착한 왕과 왕의 군대에 불만을 느낀 파머는 콘레드 왕(버트 레이놀즈 분)의 제안을 거절하고 자신의 힘으로 아내를 구하고자 그의 스승인 노릭(론 펄만 분)과 함께 원정대를 만들어 크러그"
빌리 진 킹: 세기의 대결,빌리 진 킹: 세기의 대결,"['엠마 스톤', '스티브 카렐']",121,조나단 데이턴,15세 관람가,['코미디'],"20,138",31.834,2017-09-05,6.9,"“여자가 코트에 없으면 공은 누가 줍죠?”  변화의 바람이 거세던 1973년, 여자 테니스 랭킹 1위, 전 국민이 사랑하는 세기의 챔피언 ‘빌리’(엠마 스톤)는 남자 선수들과 같은 성과에도 그에 비해 터무니없이 적은 상금에 대한 보이콧으로 직접 세계여자테니스협회를 설립한다. 남성 중심 스포츠 업계의 냉대 속에서도 ‘빌리’와 동료들은 직접 발로 뛰며 협찬사를 모집, 자신들만의 대회를 개최하며 화제를 모은다.  세계를 뒤흔든 빅매치, 세상을 바꾼 도전  한"
프랑켄슈타인,빅터 프랑켄슈타인,"['다니엘 래드클리프', '제임스 맥어보이', '제시카 브라운 핀들레이']",110,폴 맥기건,15세 관람가,"['드라마', '공포', 'SF']",[],31.824,1931-11-21,7.5,"야심에 가득 찬 젊은 과학자 ‘프랑켄슈타인’은 곱추인 조수 ‘프리츠’와 함께 시체의 신체부위들을 절단해 괴물 인조인간을 만드는 실험을 계속한다. 한편, 프랑켄슈타인의 약혼녀인 ‘엘리자베스’는 약혼자가 시계탑 안에서 하고 있는 이상한 실험에 대해 불안해 하다, 실험을 막기 위해 의대 교수인 발드만 박사와 함께 시계탑을 찾아간다. 하지만 그녀가 도착했을 때, 번개를 맞은 괴물이 생명을 얻게 된다. 약혼녀의 설득에, 프랑켄슈타인은 괴물을 시계탑 속에 가두고,"
테이크다운,테이크다운,"['제임스 맥어보이', '마크 스트롱', '안드레아 라이즈보로']",99,에란 크리비,15세 관람가,"['액션', '범죄', '스릴러']","19,415",31.78,2013-03-15,5.8,"열혈형사 맥스(제임스 맥어보이)는 거물급 범죄자 제이콥(마크 스트롱)을 붙잡으려다 치명적인 총상을 입은 뼈아픈 과거가 있다.수년 후, 강도사건에 연루된 아들을 구하기 위해 해외에 은신해 있던 제이콥이 런던으로 돌아온다.미치도록 잡고 싶었던 적수 제이콥의 컴백은 맥스에게 있어 놓칠 수 없는 절호의 기회!쫓고 쫓기는 충돌과 대결이 이어지는 가운데, 맥스와 제이콥은 도시의 시스템 안에 존재하는 공통의 함정 속에 빠졌다는 것을 깨닫게 되는데…미치도록 잡고 싶은"
블랙 씨,블랙 씨,"['주드 로', '그리고리 도브리긴', '스쿳 맥네이리']",115,캐빈 맥도널드,R,"['모험', '스릴러']",[],31.74,2014-12-05,6.3,흑해에 침몰한 나치의 유보트안에 실려있는 황금을 발굴한 해군 출신의 잠수함 선장 로빈슨과 그의 동료들이 폐쇄된 잠수함에서 서로를 위협하게 되는 과정을 그린 스릴러
고양이의 보은,고양이의 보은,"['이케와키 치즈루', '하카마다 요시히코']",75,모리타 히로유키,전체 관람가,"['애니메이션', '모험', '판타지']",583,31.725,2002-07-19,7.2,17살의 평범한 여고생 하루는 매일 따분하기만 하고 즐거운 일이 하나도 없다. 어느 날 우연히 트럭에 치일 뻔한 고양이를 구해주면서부터 그녀의 일상은 변화를 맞는다. 하루가 구해준 고양이가 고양이 왕국의 룬 왕자라는 것. 그날 밤 하루의 집에 찾아온 고양이 떼는 자신들의 왕자를 구해준 보답으로 룬 왕자와 결혼해달라는 요청과 함께 앞으로는 행복한 일들만 일어날 것이라는 이상한 말을 남긴 채 사라진다. 얼마 후 고양이 왕국으로 초대된 하루는 고민 바쁜 일도
괴테스쿨의 사고뭉치들,괴테스쿨의 사고뭉치들,"['엘리아스 므바렉', '카롤리네 헤어퍼스', '카챠 리만']",119,보라 닥테킨,15세 관람가,['코미디'],"엘리아스 므바렉, 카롤리네 헤어퍼스, 카챠 리만, 제나..",31.725,2013-11-07,7.1,"교도소에서 막 출소한 제키(엘리아스 므바렉)는 훔친 돈다발을 묻어두었던 장소를 찾아가지만 이미 학교 건물이 들어서 있다. 포기할 수 없던 그는 어리버리해 보이는 여선생(카롤리네 헤어퍼스)을 속이고 학교에 임시교사로 취직하여 낮에는 교사로, 밤에는 땅굴을 파며 생활한다. 소위 꼴통 학교의 분위기는 점차 조금씩 변하게 되고 누구의 말도 듣지 않던 문제아들은 제키의 말을 듣고, 절대적으로 그를 따르게 된다. 뭔가 다른 이 선생님, 그의 매력에 모두 빠져들게 "
드래곤플라이,드래곤 플라이,"['코린 네멕', '도미니카 줄리엣']",84,조 니,15세 관람가,"['SF', '액션']",[],31.667,2002-02-22,6.5,시카고 메모리얼 병원의 응급의학과 과장이자 닥터인 조 대로우(Joe Darrow: 케빈 코스트너 분)는 해박한 의학 지식과 생사의 기로에 놓여있는 환자들의 생존 가능성을 판별해내는 능력 때문에 동료들과 환자들로부터 무척 존경받는 의사이다. 그러나 비극적인 사고로 그의 아내가 목숨을 잃자 그의 전문적인 의학 지식도 그에게 아무런 위안이 되지 못한다. 그의 아내 에밀리 대로우(Dr. Emily Darrow: 수잔나 톰슨 분)는 같은 병원의 소아과 종양학 전
엽문4,엽문4: 종극일전,"['황추생', '황이진', '증지위']",100,구예도,15세 관람가,"['드라마', '액션']",[],31.652,2019-10-18,0,"홍콩이 영국으로 넘어가던 시기, 엽문은 불산에서 내려와 홍콩에서 지내고있었다.  정식으로 도장을 차리진 않았지만 그의 주변엔 가르침을 받으려는 제자들이 모여들고,  엽문은 그들과 함께 영춘권을 연마하며 노년을 보낸다.  가족과 제자들을 아끼고 사랑하며, 조용히 살아가고 싶은 엽문.  그러나 그의 주변 인물들에게 얽혀 벌어지는 일들은 그를 결코 평화롭게 놔두지 않는다."
더 로버,더 로버,"['로버트 패틴슨', '가이 피어스', '스쿳 맥네이리']",102,데이비드 미코드,청소년 관람불가,"['드라마', '범죄']",[],31.621,2014-05-18,6.2,"황폐해질 대로 황폐해진 모든 것이 붕괴된 호주. 이곳의 사람들은 질서도 희망도 없이 그저 하루하루를 살아갈 뿐이다. 시골 마을에 모든 것을 체념한 듯한 표정의 에릭(가이 피어스)이 상점 안으로 들어온다. 그가 상점에서 목을 축이고 있는 동안, 인근에서 강도행각을 벌이다 순찰 중이던 보안군과 총격전을 벌이고 도주하던 중 사고를 일으킨 무장강도들은 사고로 주행이 불가능해진 자신들의 차량을 버리고 에릭의 차를 절취하여 달아나 버린다. 전 재산과도 같은 차를 "
13일의 금요일 2,13일의 금요일 2,['에이미 스틸'],85,스티브 마이너,청소년 관람불가,['공포'],[],31.555,1981-05-01,6,1편이 선보인 일년 후 또 다시 찾아온 제이슨의 공포. 오래 전 소년 제이슨이 호수에서 익사했고 얼마 전에는 그 어머니가 젊은이들의 살육했던 크리스탈 호수의 캠프장. 캠프장의 교사 일곱명이 제이슨의 어머니에게 살해당한 5년 전의 끔찍한 사건은 전설처럼 그 지방을 떠돈다. 크리스탈 호수 근처의 또 다른 캠프장에 젊은 교사들이 들어온다. 그들은 이곳을 떠나라는 경고도 무시한 채...
러브 오브 마이 라이프,러브 오브 마이 라이프,"['안나 챈셀러', '존 한나', '헤미온 노리스']",106,조안 카 위긴,[],"['코미디', '드라마']",[],31.505,2017-02-17,5.4,5 일 안에 모든 걸 알아낼 수 있다면 어떨까요? (구글번역)
서프러제트,서프러제트,"['캐리 멀리건', '메릴 스트립', '로몰라 가레이']",106,사라 가브론,12세 관람가,['드라마'],"28,411",31.48,2015-10-16,7.3,"1912년 영국에서는 여성들에게 투표권을 보장하라고 외치는 여성 참정권 운동가들의 목소리가 거세지고 있었다. 그들의 구심점인 여성사회정치동맹(WSPU)은 런던에 위치해 있었다. 세탁공장 노동자인 모드 와츠(캐리 멀리건)는 한 남자의 아내, 한 아이의 엄마로서의 자신의 삶을 의심해본 적 없는 하루하루를 살아간다. 여성 투표권을 주장하며 거리에서 투쟁하는 서프러제트 무리를 목격한 그날도 그들이 바꿀 수 있는 것은 아무 것도 없을 거라 생각했던 그녀. 하지만"
레이버 데이,레이버 데이,"['케이트 윈슬렛', '조슈 브롤린', '게틀린 그리피스']",111,제이슨 라이트맨,15세 관람가,['드라마'],[],31.413,2013-12-27,6.9,동명소설을 원작으로 싱글맘과 탈옥수의 사랑이야기를 그린 작품으로 케이트 윈슬렛과 조쉬 브롤린이 주연을 맡았다.
007 스펙터,007 스펙터,"['다니엘 크레이그', '레아 세이두', '크리스토프 왈츠']",148,샘 멘데스,15세 관람가,"['액션', '모험', '범죄']","1,820,839",31.393,2015-10-26,6.4,스카이폴 사건 이후 MI6는 영국 정부에 의해 해체 위기에 놓인다.  자신의 과거와 관련된 암호를 추적하던 제임스 본드는  최악의 조직 ‘스펙터’와 자신이 관련되어 있다는 사실을 알게 되고 혼란스러워 하는데…
나이트메어 7 : 뉴 나이트메어,[],[],[],[],[],[],[],31.346,1994-10-13,6.4,"헤더은 공포영화의 특수효과를 담당하고 있는 쳬이스 포터와 결혼해 아들 딜란과 행복하게 살고있다. 그러나 요즘들어 10년 전에 완전히 죽은 것으로 돼 있는 프레디가 나타나 헤더를 괴롭히기 시작한다. 뿐만 아니라, 자기가 프레디라고 주장하는 괴전화가 걸려오기 시작한다. 헤더의 불안은 불안으로만 끝나지 않고, 남편 제이스가 쇠손톱에 찍혀 죽는 사고가 나고만다. 곧이어, 특수효과부의 재크와 테리도 죽는다. 남편의 장례식에서 만난 프레디를 맡았던 로버트 잉글룬드"
The Proposition,프로퍼지션,"['톰 버지', '가이 피어스']",104,존 힐코트,NR,"['액션', '범죄', '드라마']",[],31.331,2005-10-06,7.2,
알라딘,알라딘,"['메나 마수드', '윌 스미스', '나오미 스콧']",128,가이 리치,전체 관람가,"['모험', '가족', '판타지']",[],31.326,2019-05-22,0,"머나먼 사막 속 신비의 아그라바 왕국의 시대. 좀도둑 ‘알라딘’은 마법사 ‘자파’의 의뢰로 마법 램프를 찾아 나섰다가 주인에게 세 가지 소원을 들어주는 지니를 만나게 되고, 자스민 공주의 마음을 얻으려다 생각도 못했던 모험에 휘말리게 되는데…"
다크 플레이스,다크 플레이스,"['샤를리즈 테론', '니콜라스 홀트', '클로이 모레츠']",113,질스 파겟-브레너,청소년 관람불가,"['드라마', '미스터리', '스릴러']","66,127",31.318,2015-03-31,5.9,"라일의 추리 탐정 클럽, 킬 클럽에서 활동하고 있는 라일(니콜라스 홀트)은 25년 전 큰 아들 벤이 엄마와 어린 여동생 2명을 잔혹하게 살해한 사건에 의구심을 갖게 되고 유일한 생존자이자 증인, 막내 리비(샤를리즈 테론)를 찾게 된다. 리비의 기억 오빠 벤이 엄마와 언니들을 잔혹하게 살해한 사건의 유일한 목격자. 아직도 어린 시절의 충격에서 벗어나지 못한 리비에게 어느 날 라일이란 사람이 25년 전 사건에 미심쩍은 부분이 있다며 그녀를 찾아온다. 경제적"
핫 텁 타임머신 2,핫 텁 타임머신 2,"['랍 코드리', '크레이그 로빈슨', '클락 듀크']",93,스티브 핑크,R,"['코미디', 'SF']",[],31.189,2015-02-20,5.1,"핫 텁 타임머신의 남자들이 더 거칠고 선정적인 모험을 위해 1편보다 더 재미있게 돌아왔다! 완벽했던 파티가 우스꽝스럽게 돌아가게 되면서, 닉(크레이그 로빈슨) 과 제이콥(클락 듀크)은 루(롭 코드리)를 구하기 위해 핫텁을 작동시키게 된다. 예기치 않게 2025년에 도착해버린 그들은 아담 주니어(아담 스캇)를 만나 현재를 바로잡기 위해 엄청나게 웃기고 완전히 미친것 같은 일들을 함께 해나간다"
드래그드 어크로스 콘크리트,[],[],[],[],[],[],[],31.181,2019-02-21,6.8,
엑스맨: 아포칼립스,엑스맨: 아포칼립스,"['제임스 맥어보이', '마이클 패스벤더', '제니퍼 로렌스']",143,브라이언 싱어,12세 관람가,"['액션', '모험', '판타지']","2,938,771",31.17,2016-05-18,6.5,"고대 이집트에서 신으로 숭배받았던 최초의 돌연변이 아포칼립스(오스카 아이삭)가 오랜 잠에서 깨어난다. 초능력을 흡수해가며 수천년을 살아온 아포칼립스는 스톰(알렉산드라 십), 사일록(올리비아 문), 아크엔젤(벤 하디) 그리고 매그니토에게 자신의 힘을 나누어준 뒤, 그들과 함께 현재의 세상을 뒤엎고 새로운 세상을 건설하려 한다. 찰스 자비에(제임스 맥어보이)와 미스틱은 아포칼립스의 지구 종말 계획을 알아채고, 진 그레이(소피 터너), 사이클롭스(타이 셰리던"
독수리 요새,독수리 요새,"['리처드 버튼', '클린트 이스트우드', '마리 우레']",150,브라이언 G. 휴튼,15세 관람가,"['전쟁', '모험', '액션']",[],31.146,1968-12-04,7.6,"2차대전 중, 중동 조전관들을 만나 유럽 침공의 최종 작전 마무리를 위해 출발한 모스키토 전투기가 추락한다. 그 비행기에는 미장성 카나비 장군을 태우고 있었는데, 그는 연합군의 2차 침공의 모든 것을 계획한 인물로, 독일군에게 입을 열기 전에 빼내와야 한다. 그가 잡혀있는 곳은 베르펜이라는 마을에 있는 '슐러스 아들러', 즉 독수리만이 접근할 수 있어 독수리 요새라는 이름이 붙어있는 침투가 불가능한 독일 최고의 난공 불락 요새였다. 이 요새를 공격하려면"
터미네이터: 제니시스,터미네이터 제니시스,"['아놀드 슈왈제네거', '제이슨 클락', '에밀리아 클라크']",125,앨런 테일러,15세 관람가,"['액션', '모험', 'SF']","3,240,378",31.064,2015-06-23,5.9,"인간 저항군의 리더 존 코너(제이슨 클라크)의 탄생을 막기 위해 스카이넷은 터미네이터를 과거로 보내고, 이를 저지하기 위해 부하 카일 리스(제이 코트니)가 뒤를 따른다. 젊은 사라 코너(에밀리아 클라크)와 그녀를 보호하고 있던 T-800(아놀드 슈워제네거)은 로봇과의 전쟁을 준비하며 이미 그들을 기다리고 있었다. 시간의 균열로 존 코너 역시 과거로 오지만 그는 나노 터미네이터 T-3000으로 변해있었던 것. 이제 인류는 인간도 기계도 아닌 그 이상의 초"
살로 소돔의 120일,살로 소돔의 120일,['파올로 보나첼리'],114,피에르 파올로 파졸리니,NR,"['드라마', '전쟁']",[],31.059,1975-11-22,6.4,"제 3 제국의 운명이 끝을 향해가고 있을 무렵, 타락한 이탈리아 귀족들 네 사람이 성욕을 마음껏 분출할 수 있는 천국을 만들기로 합의한다. 악명이 자자한 뚜쟁이 네 사람을 확보한 뒤 나치군인 몇 사람을 끌어 모은다. 이 타락한 귀족들은 이탈리아 10대 소년 소녀 백여 명을 강제로 데려와 ""재미와 게임""을 위해 외딴 빌라에 가둬 놓는다. 권력자들은 매일 어떤 방식으로 성욕을 분출할지 회의하고 그 수위도 점점 높아지는데…"
나이트메어 4 : 꿈의 지배자,[],[],[],[],[],[],[],31.033,1988-08-19,5.8,프레디는 사라졌지만 크리스틴은 계속해서 악몽에 시달리게 되자 두려움에 킨케이트와 조이를 자신의 꿈 속에 끌여들이게 되어 두 사람의 원성을 사게 된다. 킨케이트는 꿈 속에서 자동차 폐차장에 있는 자신을 발견하는데 이곳에 묻혀있던 프레디가 부활하여 그에게서 죽음을 당한다. 이어서 잠을 자던 조이도 물침대 속에 미녀로 변장한 프레디에게 살해된다. 이제 프레디의 표적으로 혼자 남게 된 크리스틴도 꿈에서 프레디의 공격을 받아 난로 속에서 불길에 휩사인다. 이때 
조,조,"['니콜라스 케이지', '타이 쉐리던']",117,데이빗 고든 그린,청소년 관람불가,['드라마'],"1,789",31.02,2014-04-11,6.6,"알콜 중독에 전과 기록을 가지고 있는 57세 '조'(니콜라스 케이지)는 벌목 일꾼들의 관리자로 과거를 잊고 새로운 삶을 시작한다.  어느 날, ‘조’의 일터에 낯선 15세 소년 ‘게리’(타이 쉐리던)가 찾아와 일자리를 요구하고, ‘게리’에게 묘한 동질감을 느낀 ‘조’는 그를 지켜보기 시작한다. 어린 나이임에도 불구하고 어른스럽고 믿음직스러운 ‘게리’에게 ‘조’는 점차 신뢰가 가기 시작한다.  어느 날, 게리가 아버지의 모진 학대 속에 동생을 지키기 위해"
링 2,링 2,"['나오미 왓츠', '사이먼 베이커']",109,나카다 히데오,15세 관람가,"['공포', '스릴러', '드라마']","183,318",31.017,2005-03-17,5.6,지워버리고 싶은 끔찍한 기억에서 벗어나기 위해  ‘레이첼’은 아들 ‘에이단’과 함께 작은 마을로 이사해 새로운 삶을 준비한다. 마을에서 일어난 사건 현장에서  그녀는 끝난 줄만 알았던 링의 저주가 다시 시작된 것을 직감하는데…  끔찍한 영혼의 저주는 잇따른 죽음을 부르고 숨막히는 공포는 아들 에이단을 향해 뻗쳐온다. 온몸을 조여오는 이 공포에서 벗어나려는 레이첼.  ‘원혼이 원하는 것은 무엇인가’라는 의문은 더욱 커져만 가고… 마침내 레이첼의 끈질긴 모
런치박스,런치박스,"['이르판 칸', '님랏 카우르', '나와주딘 시디퀴']",104,리테쉬 바트라,12세 관람가,"['드라마', '멜로/로맨스']","이르판 칸, 님랏 카우르, 나와주딘 시디퀴, 릴레트 듀",31.01,2013-09-20,7.3,"잘못 배달된 도시락, 얼굴도 모르는 그녀, 사랑은 그렇게 시작됐다!  매일 아침 인도 뭄바이의 5천여 명의 도시락 배달원들은 부인들이 만든 점심 도시락을 남편 사무실에 배달한다.  중산층의 평범한 주부 일라는 소원해진 남편과의 결혼생활에 활력을 불어넣고자  남편에게 배달 되는 점심 도시락에 맛있는 요리와 함께 쪽지를 넣는다.  그러나 그녀의 특별한 점심 도시락이 정년 퇴임을 앞둔 중년의 외로운 회사원 사잔에게 잘 못 배달되고 만다.  다음 날 또 다시 "
Crypto,[],[],[],[],[],[],[],31.002,2018-11-25,0,
센과 치히로의 행방불명,센과 치히로의 행방불명,"['히이라기 루미', '이리노 미유']",126,미야자키 하야오,전체 관람가,"['애니메이션', '판타지', '모험']",[],30.988,2001-07-20,8.5,평범한 열 살 짜리 소녀 치히로 식구는 이사 가던 중 길을 잘못 들어 낡은 터널을 지나가게 된다. 터널 저편엔 폐허가 된 놀이공원이 있었고 그곳엔 이상한 기운이 흘렀다. 인기척 하나 없는 이 마을의 낯선 분위기에 불길한 기운을 느낀 치히로는 부모님에게 돌아가자고 조르지만 부모님은 호기심에 들떠 마을 곳곳을 돌아다니기 시작한다. 어느 음식점에 도착한 치히로의 부모님은 그 곳에 차려진 음식들을 보고 즐거워하며 허겁지겁 먹어대다가 돼지로 변해버린다. 겁에 질
The Rules of Attraction,[],[],[],[],[],[],[],30.942,2002-10-11,6.4,
나,나,"['박노식', '최무룡', '김지미']",[],박노식,[],['한국'],[],30.914,2016-10-21,7.7,"평생을 목수로 살아가던 다니엘(데이브 존스)은 지병인 심장병이 악화되어 일을 계속 할 수 없는 상황이 된다. 실업급여를 받기 위해 찾아간 관공서에서는 컴퓨터 사용법조차 제대로 알지 못하는 다니엘에게 인터넷을 이용해 신청서를 제출하라고 한다. 관공서의 비효율적인 매뉴얼, 다른 부서로 일처리를 떠넘기는 공무원들, 당장의 생존이 절박한 사람들에게 아무런 도움이 되지 못하는 복지제도의 벽을 절감하며 다니엘은 조금씩 무너져 간다. 어느 날 그는 공무원과 말다툼을"
취권,취권,"['성룡', '황정리', '원소전']",107,원화평,12세 관람가,"['코미디', '액션']",[],30.884,1978-10-05,7.2,"청나라 말기 중국 광동성에 황기영(임교 분)이라는 사람이 운영하는 쿵후 도장. 그의 아들 황비홍(성룡 분)은 무술 실력은 뛰어나지만, 마을의 말썽꾸러기. 아버지는 참다 못해 소화자(원소전 분)라는 무술의 달인에게 그의 훈련을 부탁한다.  소화자는 씻지도 않는 괴팍한 늙은이라는 소문을 익히 알고 있던 비홍은 탈출을 시도하지만, 무전취식을 하려다가 된통 걸리고 만다. 그는 소화자의 손아귀를 벗어날 수 없는 것인지, 궁지에 몰린 비홍을 구해준 것은 다름아닌 "
데드폴,데드폴,"['에릭 바나', '올리비아 와일드', '찰리 헌냄']",95,슈테판 루조비츠키,청소년 관람불가,"['범죄', '드라마', '스릴러']","14,744",30.879,2012-11-08,5.9,"광활한 설원 한 복판. 카지노를 털고 도망 중이던 애디슨(에릭 바나)과 라이자(올리비아 와일드) 남매는 우연한 사고로 뒤따르던 경찰까지 죽이게 되고, 다시 만날 것을 약속하며 헤어진다. 라이자는 눈보라 속에서 만난 전직 복서 제이(찰리 헌냄)에게 은밀한 게임을 제안하고, 거짓말로 시작된 둘의 관계는 점차 사랑으로 발전한다. 한편, 애디슨은 동생을 찾으러 가는 도중 계속해서 범죄를 저지르고, 오직 여자 보안관 한나(케이트 마라)만이 그의 흔적을 뒤쫓는다."
패스파인더,패스파인더,"['칼 어번', '러셀 민스']",99,마커스 니스펠,청소년 관람불가,"['액션', '모험', '드라마']",[],30.878,2007-01-11,5.4,"바이킹 대 아메리카 원주민 간의 부족 전쟁이 끝난 후 전쟁통에 한 바이킹 소년이 낙오된다. 소년은 아메리카 원주민들의 손에 키워지게 되고, 후에 그들을 도와 노르인의 침략에 맞서 싸우며 부족의 영웅이 되기에 이른다."
Mia et le lion blanc,[],[],[],[],[],[],[],30.838,2018-12-26,7.6,
안개,안개,"['강신성일', '윤정희', '이빈화']",79,김수용,NR,['드라마'],[],30.8,1980-02-08,6.6,"DJ의 섹시한 음성이 밤을 사로잡는 평화로운 해변 마을에 짙은 안개가 밀려온다. 안개와 함께 찾아오는 어둠의 그림자, 사람들은 날카로운 비 명과 함께 사라지고, 성당에서는 낡은 벽이 허물어지면서 200년 전 일기장과 십자가가 나온다. 거기에는 18세기 해적과 죽음으로 얼룩졌던 한밤중의 끔찍한 공포가 쓰여있는데."
에브리바디 원츠 썸!!,에브리바디 원츠 썸!!,"['블레이크 제너', '조이 도이치', '글렌 포웰']",117,리처드 링클레이터,청소년 관람불가,['코미디'],"7,353",30.717,2016-03-30,6.4,"고등학교를 졸업하고 야구부 숙소로 이사를 온 킹카 신입생 ‘제이크’.  전국 최고의 야구팀으로 구성된 룸메이트들과 인사를 마치고  어색함을 느낄 새도 없이 길거리에 넘쳐 흐르는 쭉빵 걸들 작업으로 눈코 뜰 새 없다.  코치가 단단히 이른 1. 주류 반입 금지 2. 숙소에 여자를 들이지 않는다는 규칙이 무색하게  입에는 언제나 맥주, 여자 얘기 98% 야구 얘기 2%의 수다와 함께  매일 밤 신나는 파티를 벌이는데…  개강 전까지 3일 15시간! 미친듯이"
Big Momma's House 2,[],[],[],[],[],[],[],30.71,2006-01-26,5.6,
더 이퀄라이저,더 이퀄라이저,"['덴젤 워싱턴', '클로이 모레츠', '마튼 초카스']",131,안톤 후쿠아,청소년 관람불가,"['액션', '범죄', '스릴러']","82,779",30.705,2014-09-24,7.2,"“법이 지켜주지 않는다면, 내가 한다!”  새벽 2시만 되면 어김없이 잠에서 깨는 로버트 맥콜(덴젤 워싱턴). 불면증으로 잠 못 드는 이 시간이면 그는 늘 책 한 권을 들고 카페로 향한다. 가족도 친구도 없는 그는 아내가 남기고 간 ‘죽기 전에 읽어야 할 소설 100권’을 모두 읽는 것이 유일한 삶의 목표다. 그런 그에게 어느 날, 어린 콜걸 테리(클로이 모레츠)가 말을 건넨다.  “무슨 책이에요?”  “…기사의 이야기지. 기사가 존재하지 않는 세상에 "
겨울왕국,겨울왕국,"['크리스틴 벨', '이디나 멘젤']",108,크리스 벅,전체 관람가,"['애니메이션', '모험', '코미디']","10,296,101",30.695,2013-11-27,7.3,"서로가 최고의 친구였던 자매 엘사와 안나. 하지만 언니 엘사에게는 하나뿐인 동생에게조차 말 못할 비밀이 있다. 모든 것을 얼려버리는 신비로운 힘이 바로 그 것. 엘사는 통제할 수 없는 자신의 힘이 두려워 왕국을 떠나 북쪽 산으로 도망치고, 홀로 그곳에서 얼음 궁전을 지어 지내게 된다. 한편 얼어버린 왕국의 저주를 풀기 위해 안나는 언니를 찾아 나서고, 그 과정에서 안나는 까칠한 매력의 얼음장수 크리스토프와 만나 영원히 얼어붙은 왕국을 구해내기 위해 함께"
좀비 서바이벌 가이드,좀비 서바이벌 가이드,"['타이 쉐리던', '로건 밀러', '조이 모건']",93,크리스토퍼 랜던,청소년 관람불가,"['코미디', '공포']",[],30.695,2015-10-23,6.2,어린 시절부터 6년간 스카우트 생활을 해온 벤(타이 쉐리던)과 카터(로건 밀러)는 카터의 누나 켄들(할스톤 세이지)이 참여하는 비밀파티에 초대를 받는다. 초대를 받은 날 파티에 참여하기 위해 스카우트 캠프를 빠져나온 벤과 카터. 하지만 파티 전 평소 호기심을 갖고 있던 스트립클럽의 문지기가 없은 것을 본 카터는 몰래 클럽에 들어갔다가 좀비들의 공격을 받는다.  뜬금없는 좀비들의 공격. 그곳에서 데니스(사라 두몬트)를 만난 벤과 카터는 비밀파티가 열리는 
펄프 픽션,펄프 픽션,"['존 트라볼타', '사무엘 L. 잭슨', '우마 서먼']",154,쿠엔틴 타란티노,청소년 관람불가,"['범죄', '드라마', '코미디']",[],30.67,1994-09-10,8.4,"펌프킨(팀 로스)와 허니 버니(아만다 플러머)가 레스토랑에서 강도 행각을 벌이기 시작한다. 빈센트(존 트라볼타)와 그 동료 쥴스(사무엘 L 잭슨)는 두목의 금가방을 찾기 위해 다른 건달이 사는 아파트를 찾아간다. 마르셀러스(빙 라메스)는 부치(브루스 윌리스)에게 돈을 주며 상대 선수에게 져 주라고 하지만 부치는 상대 선수를 때려 눕히고 도망치다, 어릴 때 아버지에게 물려받은 시계를 찾기 위해 아파트로 향한다. 아무런 상관 없이 보이는 이 사건들이 서로 "
삼총사,삼총사 3D,"['올랜도 블룸', '밀라 요보비치', '로건 레먼']",111,폴 앤더슨,12세 관람가,"['판타지', '액션']","660,205",30.653,1993-11-11,6.3,"성질 급한 젊은 청년 달타냥(D'Artagnan: 크리스 오도넬 분)은 왕을 지키는 특수부대인 총사대에 들어가려고 파리로 갔다. 그러나 권력을 노리는 악당들의 음모때문에 총사대는 공식적으로 해산되었고, 그가 만난 것은 충성심 가득한 삼총사 아라미스(Aramis: 찰리 쉰 분), 아토스(Athos: 키퍼 서덜랜드 분), 포르도스(Porthos: 올리버 플랫 분)였다. 나이 어린 루이 왕(King Louis: 휴 오코너 분)과 안느 왕비(Queen Anne"
배트맨: 더 킬링 조크,[],[],[],[],[],[],[],30.649,2016-07-21,6.3,"조커와 자신의 관계를 고민하는 배트맨, 언젠가는 자신이 죽든 조커가 죽든 끝을 볼 것이라고 생각하고 이전과는 다른 방식으로 조커에게 접근하려 한다. 하지만 조커는 이미 아캄 어사일럼을 탈출한다.  탈출에 성공한 범죄의 왕자 조커는 평범한 사람도 자신처럼 미칠 수 있다는 것을 증명하기 위해 고든 가족을 위협하기 시작하는데…"
터미네이터 2: 심판의 날,[],[],[],[],[],[],[],30.645,1991-07-03,7.9,"미래, 인류와 기계의 전쟁은 계속 되는 가운데 스카이넷은 인류 저항군 사령관 존 코너를 없애기 위해 액체 금속형 로봇인 T-1000(로버트 패트릭)을 과거의 어린 존 코너에게로 보낸다. 형태의 변신과 자가 치유까지 가능한 T-1000에 대항하고 존 코너를 지키기 위해 인류 저항군은 T-101(아놀드 슈왈제네거)을 과거로 급파한다. 미래의 인류 운명을 쥔 어린 존 코너, 그를 구해내지 않으면 인류의 미래는 없다. 반드시 제거해야 하는 스카이넷의 T-100"
언더 씨즈 2,언더 씨즈 2,"['스티븐 시걸', '에릭 보고지언']",100,제프 머피,청소년 관람불가,"['액션', '스릴러']",[],30.633,1995-07-13,5.6,비정상적이고 광적인 천재 과학자 드래비스 데인(Dane: 에릭 보고시안 분)은 아름다운 경치를 뽐내는 로키 산맥을 지나는 미국의 초호화판 열차 '그랜드 콘티넨탈'을 용병들의 도움으로 탈취하고 기차의 한칸을 장악해서 추적할 수 없는 컴퓨터 센터로 만든다. 워싱턴을 초토화시켜 미국방부와 지하 핵 원자로를 손에 넣으려는 데인은 최첨단 기술을 총동원 지구 궤도를 도는 전투용 인공위성을 장악하고는 미국 정부에 10억 달러를 요구한다. 그러나 이 기차에 타고 있던
버나드와 비앙카의 구출 대모험,[],[],[],[],[],[],[],30.608,1977-06-22,6.7,"생쥐 버나드와 비앙카의 직업은 유엔 본부의 지하실에 자리잡은 국제 생쥐 구조대의 비밀첩보 요원. 어느날 마담 메두사에게 시달림을 받고 있던 고아 소녀 페니가 보낸 구조 요청 편지가 도착한다. 그녀는 엄청난 가치의 보석의 행방을 알고 있다는 이유로 악당 마담 메두사에게 납치돼 시달림을 당하고 있는 상태. 딱한 사정을 알게 된 국제 생쥐 구조대는 버나드와 비앙카 요원을 급히 파견하고 둘은 그녀를 구해내기 위한 일생일대의 모험을 시작한다. 신천옹 오빌, 잠자"
존 윅 - 리로드,존 윅 - 리로드,['키아누 리브스'],122,채드 스타헬스키,청소년 관람불가,"['액션', '범죄', '스릴러']","276,428",30.58,2017-02-08,7,"업계 최고의 레전드 킬러 ‘존 윅’. 은퇴 후 평화로운 삶을 꿈꾸던 그의 계획은  ‘국제 암살자 연합’을 탈취하려는 옛 동료의 계획과 함께 산산조각난다.  친구의 목숨을 구하기 위해 로마로 향하는 ‘존 윅’,  하지만 그곳에는 전세계의 암살자들이 그를 노리고 있는데…"
Smokey and the Bandit,[],[],[],[],[],[],[],30.534,1977-05-26,6.8,
런어웨이 버케이션,런어웨이 버케이션,"['로빈 윌리엄스', '제프 다니엘스', '셰릴 하인즈']",98,베리 소넨필드,전체 관람가,"['모험', '코미디', '가족']",[],30.516,2006-04-28,5.7,"일에만 빠져있는 중년 가장 밥 먼로(로빈 윌리암스)는 아내 제이미, 그리고 사춘기 딸 캐씨와 12살 아들 칼에게, 가족들끼리 오붓한 시간을 가질 수 있는 하와이 여행을 약속한다. 하지만 회사에서 내린 특급 프로젝트로 모든 계획을 취소해야 될 상황에 빠진 밥은 회의장소가 있는 여행지 콜로라도주의 록키 마운틴으로 여행지를 변경한다. 반발하는 가족들을 반강제로 급하게 구한 초대형 R.V.(Recreational Vehicle : 레저용 승합차/캠핑카)에 태운"
